CODIGO,CATEGORIA,ANO,MES,MATRICULA,CAMPUS,N_HIDROMETRO,COD_HIDROMETRO,CONCESSIONARIA,CIDADE,LOCAL,ECON_PUB,ECON_RES,ECON_COM,ECON_IND,ECON_TOTAL,LEIT_ANT,LEIT_ATUAL,VOLUME_FATURADO,OCORRENCIA,ANORMALIDADE,VALOR_AGUA,VALOR_ESGOTO,DESCONTOS,OUTROS,MULTAS_JUROS,VALOR_TOTAL,MES_N,Dtime
H130 2017 Janeiro,Medidor faturado pela UFSC,2017,Janeiro,0,Sapiens Park,,H130,Condomínio Sapiens Park,Florianópolis - Outros,Sapiens Park - INPETRO,0,0,1,0,1,23.0,24.5,1.5,0,0,5.87,5.87,0.0,0.0,0.0,11.74,1,2017-01-20
H130 2017 Fevereiro,Medidor faturado pela UFSC,2017,Fevereiro,0,Sapiens Park,,H130,Condomínio Sapiens Park,Florianópolis - Outros,Sapiens Park - INPETRO,0,0,1,0,1,24.5,26.0,1.5,0,0,5.87,5.87,,0.0,,11.74,2,2017-02-20
H130 2017 Março,Medidor faturado pela UFSC,2017,Março,0,Sapiens Park,,H130,Condomínio Sapiens Park,Florianópolis - Outros,Sapiens Park - INPETRO,0,0,1,0,1,26.0,29.0,3.0,0,0,11.74,11.74,,0.0,,23.48,3,2017-03-20
H130 2017 Abril,Medidor faturado pela UFSC,2017,Abril,0,Sapiens Park,,H130,Condomínio Sapiens Park,Florianópolis - Outros,Sapiens Park - INPETRO,0,0,1,0,1,29.0,44.0,15.0,0,0,58.7,58.7,,0.0,,117.4,4,2017-04-20
H130 2017 Maio,Medidor faturado pela UFSC,2017,Maio,0,Sapiens Park,,H130,Condomínio Sapiens Park,Florianópolis - Outros,Sapiens Park - INPETRO,0,0,1,0,1,44.0,86.0,42.0,0,0,370.4,370.4,,0.0,,740.8,5,2017-05-20
H130 2017 Junho,Medidor faturado pela UFSC,2017,Junho,0,Sapiens Park,,H130,Condomínio Sapiens Park,Florianópolis - Outros,Sapiens Park - INPETRO,0,0,1,0,1,86.0,162.0,76.0,0,0,701.58,701.58,,0.0,,1403.16,6,2017-06-20
H130 2017 Julho,Medidor faturado pela UFSC,2017,Julho,0,Sapiens Park,,H130,Condomínio Sapiens Park,Florianópolis - Outros,Sapiens Park - INPETRO,0,0,1,0,1,162.0,194.0,32.0,0,0,272.99,272.99,,0.0,,545.98,7,2017-07-20
H130 2017 Agosto,Medidor faturado pela UFSC,2017,Agosto,0,Sapiens Park,,H130,Condomínio Sapiens Park,Florianópolis - Outros,Sapiens Park - INPETRO,0,0,1,0,1,194.0,237.0,43.0,0,0,380.15,380.15,,0.0,,760.3,8,2017-08-20
H130 2017 Setembro,Medidor faturado pela UFSC,2017,Setembro,0,Sapiens Park,,H130,Condomínio Sapiens Park,Florianópolis - Outros,Sapiens Park - INPETRO,0,0,1,0,1,237.0,271.0,34.0,0,0,292.48,292.48,,0.0,,584.96,9,2017-09-20
H130 2017 Outubro,Medidor faturado pela UFSC,2017,Outubro,0,Sapiens Park,,H130,Condomínio Sapiens Park,Florianópolis - Outros,Sapiens Park - INPETRO,0,0,1,0,1,271.0,287.0,16.0,0,0,117.14,117.14,,0.0,,234.28,10,2017-10-20
H130 2017 Novembro,Medidor faturado pela UFSC,2017,Novembro,0,Sapiens Park,,H130,Condomínio Sapiens Park,Florianópolis - Outros,Sapiens Park - INPETRO,0,0,1,0,1,287.0,289.0,2.0,0,0,11.74,11.74,,0.0,,23.48,11,2017-11-20
H130 2017 Dezembro,Medidor faturado pela UFSC,2017,Dezembro,0,Sapiens Park,,H130,Condomínio Sapiens Park,Florianópolis - Outros,Sapiens Park - INPETRO,0,0,1,0,1,289.0,291.0,2.0,0,0,11.74,11.74,,0.0,,23.48,12,2017-12-20
H130 2018 Janeiro,Medidor faturado pela UFSC,2018,Janeiro,0,Sapiens Park,,H130,Condomínio Sapiens Park,Florianópolis - Outros,Sapiens Park - INPETRO,0,0,1,0,1,291.0,291.0,0.0,0,0,0.0,0.0,,0.0,,0.0,1,2018-01-20
H130 2018 Fevereiro,Medidor faturado pela UFSC,2018,Fevereiro,0,Sapiens Park,,H130,Condomínio Sapiens Park,Florianópolis - Outros,Sapiens Park - INPETRO,0,0,1,0,1,291.0,294.0,3.0,0,0,32.57,32.57,,0.0,,65.14,2,2018-02-20
H130 2018 Março,Medidor faturado pela UFSC,2018,Março,0,Sapiens Park,,H130,Condomínio Sapiens Park,Florianópolis - Outros,Sapiens Park - INPETRO,0,0,1,0,1,294.0,295.0,1.0,0,0,11.3,11.3,,0.0,,22.6,3,2018-03-20
H130 2018 Abril,Medidor faturado pela UFSC,2018,Abril,0,Sapiens Park,,H130,Condomínio Sapiens Park,Florianópolis - Outros,Sapiens Park - INPETRO,0,0,1,0,1,295.0,298.0,3.0,0,0,33.3,33.3,,0.0,,66.6,4,2018-04-20
H130 2018 Maio,Medidor faturado pela UFSC,2018,Maio,0,Sapiens Park,,H130,Condomínio Sapiens Park,Florianópolis - Outros,Sapiens Park - INPETRO,0,0,1,0,1,295.0,298.0,3.0,0,0,33.3,33.3,,0.0,,66.6,5,2018-05-20
H130 2018 Junho,Medidor faturado pela UFSC,2018,Junho,0,Sapiens Park,,H130,Condomínio Sapiens Park,Florianópolis - Outros,Sapiens Park - INPETRO,0,0,1,0,1,305.0,309.0,4.0,0,0,21.9,21.9,,0.0,,43.8,6,2018-06-20
H130 2018 Julho,Medidor faturado pela UFSC,2018,Julho,0,Sapiens Park,,H130,Condomínio Sapiens Park,Florianópolis - Outros,Sapiens Park - INPETRO,0,0,1,0,1,309.0,313.0,4.0,0,0,50.51,50.51,,0.0,,101.02,7,2018-07-20
H130 2018 Agosto,Medidor faturado pela UFSC,2018,Agosto,0,Sapiens Park,,H130,Condomínio Sapiens Park,Florianópolis - Outros,Sapiens Park - INPETRO,0,0,1,0,1,309.0,313.0,4.0,0,0,50.51,50.51,,0.0,,101.02,8,2018-08-20
H130 2018 Setembro,Medidor faturado pela UFSC,2018,Setembro,0,Sapiens Park,,H130,Condomínio Sapiens Park,Florianópolis - Outros,Sapiens Park - INPETRO,0,0,1,0,1,313.0,325.0,12.0,0,0,,,,,,,9,2018-09-20
H130 2018 Outubro,Medidor faturado pela UFSC,2018,Outubro,0,Sapiens Park,,H130,Condomínio Sapiens Park,Florianópolis - Outros,Sapiens Park - INPETRO,0,0,1,0,1,325.0,325.0,0.0,0,0,50.51,50.51,,0.0,,101.02,10,2018-10-20
H130 2018 Novembro,Medidor faturado pela UFSC,2018,Novembro,0,Sapiens Park,,H130,Condomínio Sapiens Park,Florianópolis - Outros,Sapiens Park - INPETRO,0,0,1,0,1,325.0,325.0,0.0,0,0,0.0,0.0,,0.0,,0.0,11,2018-11-20
H130 2018 Dezembro,Medidor faturado pela UFSC,2018,Dezembro,0,Sapiens Park,,H130,Condomínio Sapiens Park,Florianópolis - Outros,Sapiens Park - INPETRO,0,0,1,0,1,325.0,325.0,0.0,0,0,0.0,0.0,,0.0,,0.0,12,2018-12-20
H130 2019 Janeiro,Medidor faturado pela UFSC,2019,Janeiro,0,Sapiens Park,,H130,Condomínio Sapiens Park,Florianópolis - Outros,Sapiens Park - INPETRO,0,0,1,0,1,325.0,518.0,193.0,0,0,1254.57,1254.57,,0.0,,2509.14,1,2019-01-20
H130 2019 Fevereiro,Medidor faturado pela UFSC,2019,Fevereiro,0,Sapiens Park,,H130,Condomínio Sapiens Park,Florianópolis - Outros,Sapiens Park - INPETRO,0,0,1,0,1,518.0,518.0,0.0,0,0,0.0,0.0,,0.0,,0.0,2,2019-02-20
H130 2019 Março,Medidor faturado pela UFSC,2019,Março,0,Sapiens Park,,H130,Condomínio Sapiens Park,Florianópolis - Outros,Sapiens Park - INPETRO,0,0,1,0,1,518.0,519.0,1.0,0,0,6.5,6.5,,0.0,,13.0,3,2019-03-20
H130 2019 Abril,Medidor faturado pela UFSC,2019,Abril,0,Sapiens Park,,H130,Condomínio Sapiens Park,Florianópolis - Outros,Sapiens Park - INPETRO,0,0,1,0,1,519.0,536.0,17.0,0,0,110.51,110.51,,0.0,,221.02,4,2019-04-20
H130 2019 Maio,Medidor faturado pela UFSC,2019,Maio,0,Sapiens Park,,H130,Condomínio Sapiens Park,Florianópolis - Outros,Sapiens Park - INPETRO,0,0,1,0,1,542.0,545.0,3.0,0,0,19.5,19.5,,0.0,,39.0,5,2019-05-20
H130 2019 Junho,Medidor faturado pela UFSC,2019,Junho,0,Sapiens Park,,H130,Condomínio Sapiens Park,Florianópolis - Outros,Sapiens Park - INPETRO,0,0,1,0,1,545.0,574.0,29.0,0,0,188.51,188.51,,0.0,,377.02,6,2019-06-20
H130 2019 Julho,Medidor faturado pela UFSC,2019,Julho,0,Sapiens Park,,H130,Condomínio Sapiens Park,Florianópolis - Outros,Sapiens Park - INPETRO,0,0,1,0,1,574.0,575.0,1.0,0,0,6.5,6.5,,0.0,,13.0,7,2019-07-20
H130 2019 Agosto,Medidor faturado pela UFSC,2019,Agosto,0,Sapiens Park,,H130,Condomínio Sapiens Park,Florianópolis - Outros,Sapiens Park - INPETRO,0,0,1,0,1,575.0,581.0,6.0,0,0,76.51,76.51,,0.0,,153.02,8,2019-08-20
H130 2019 Setembro,Medidor faturado pela UFSC,2019,Setembro,0,Sapiens Park,,H130,Condomínio Sapiens Park,Florianópolis - Outros,Sapiens Park - INPETRO,0,0,1,0,1,581.0,581.0,0.0,0,0,0.0,0.0,,0.0,,0.0,9,2019-09-20
H130 2019 Outubro,Medidor faturado pela UFSC,2019,Outubro,0,Sapiens Park,,H130,Condomínio Sapiens Park,Florianópolis - Outros,Sapiens Park - INPETRO,0,0,1,0,1,581.0,598.0,17.0,0,0,211.65,211.65,,0.0,,423.3,10,2019-10-20
H130 2019 Novembro,Medidor faturado pela UFSC,2019,Novembro,0,Sapiens Park,,H130,Condomínio Sapiens Park,Florianópolis - Outros,Sapiens Park - INPETRO,0,0,1,0,1,598.0,612.0,14.0,0,0,173.05,173.05,,0.0,,346.1,11,2019-11-20
H130 2019 Dezembro,Medidor faturado pela UFSC,2019,Dezembro,0,Sapiens Park,,H130,Condomínio Sapiens Park,Florianópolis - Outros,Sapiens Park - INPETRO,0,0,1,0,1,612.0,612.0,0.0,0,0,0.0,0.0,,0.0,,0.0,12,2019-12-20
H130 2020 Janeiro,Medidor faturado pela UFSC,2020,Janeiro,0,Sapiens Park,,H130,Condomínio Sapiens Park,Florianópolis - Outros,Sapiens Park - INPETRO,0,0,1,0,1,612.0,613.0,1.0,0,0,12.97,12.97,,0.0,,25.94,1,2020-01-20
H130 2020 Fevereiro,Medidor faturado pela UFSC,2020,Fevereiro,0,Sapiens Park,,H130,Condomínio Sapiens Park,Florianópolis - Outros,Sapiens Park - INPETRO,0,0,1,0,1,613.0,683.0,70.0,0,0,909.54,909.54,,0.0,,1819.08,2,2020-02-20
H130 2020 Março,Medidor faturado pela UFSC,2020,Março,0,Sapiens Park,,H130,Condomínio Sapiens Park,Florianópolis - Outros,Sapiens Park - INPETRO,0,0,1,0,1,683.0,695.0,12.0,0,0,155.36,155.36,,9.0,,319.72,3,2020-03-20
H130 2020 Abril,Medidor faturado pela UFSC,2020,Abril,0,Sapiens Park,,H130,Condomínio Sapiens Park,Florianópolis - Outros,Sapiens Park - INPETRO,0,0,1,0,1,695.0,695.0,0.0,0,0,0.0,0.0,,0.0,,0.0,4,2020-04-20
H130 2020 Maio,Medidor faturado pela UFSC,2020,Maio,0,Sapiens Park,,H130,Condomínio Sapiens Park,Florianópolis - Outros,Sapiens Park - INPETRO,0,0,1,0,1,695.0,695.0,0.0,0,0,0.0,0.0,,0.0,,0.0,5,2020-05-20
H130 2020 Junho,Medidor faturado pela UFSC,2020,Junho,0,Sapiens Park,,H130,Condomínio Sapiens Park,Florianópolis - Outros,Sapiens Park - INPETRO,0,0,1,0,1,695.0,695.0,0.0,0,0,0.0,0.0,,0.0,,0.0,6,2020-06-20
H130 2020 Julho,Medidor faturado pela UFSC,2020,Julho,0,Sapiens Park,,H130,Condomínio Sapiens Park,Florianópolis - Outros,Sapiens Park - INPETRO,0,0,1,0,1,695.0,700.0,5.0,0,0,56.46,56.46,,9.0,,121.92,7,2020-07-20
H130 2020 Agosto,Medidor faturado pela UFSC,2020,Agosto,0,Sapiens Park,,H130,Condomínio Sapiens Park,Florianópolis - Outros,Sapiens Park - INPETRO,0,0,1,0,1,700.0,700.0,0.0,0,0,0.0,0.0,,0.0,,0.0,8,2020-08-20
H130 2020 Setembro,Medidor faturado pela UFSC,2020,Setembro,0,Sapiens Park,,H130,Condomínio Sapiens Park,Florianópolis - Outros,Sapiens Park - INPETRO,0,0,1,0,1,700.0,700.0,0.0,0,0,0.0,0.0,,0.0,,0.0,9,2020-09-20
H130 2020 Outubro,Medidor faturado pela UFSC,2020,Outubro,0,Sapiens Park,,H130,Condomínio Sapiens Park,Florianópolis - Outros,Sapiens Park - INPETRO,0,0,1,0,1,700.0,701.0,1.0,0,0,11.58,11.58,,0.0,,23.16,10,2020-10-20
H130 2020 Novembro,Medidor faturado pela UFSC,2020,Novembro,0,Sapiens Park,,H130,Condomínio Sapiens Park,Florianópolis - Outros,Sapiens Park - INPETRO,0,0,1,0,1,701.0,701.0,0.0,0,0,0.0,0.0,,0.0,,0.0,11,2020-11-20
H130 2020 Dezembro,Medidor faturado pela UFSC,2020,Dezembro,0,Sapiens Park,,H130,Condomínio Sapiens Park,Florianópolis - Outros,Sapiens Park - INPETRO,0,0,1,0,1,701.0,701.0,0.0,0,0,0.0,0.0,,0.0,,0.0,12,2020-12-20
H130 2021 Janeiro,Medidor faturado pela UFSC,2021,Janeiro,0,Sapiens Park,,H130,Condomínio Sapiens Park,Florianópolis - Outros,Sapiens Park - INPETRO,0,0,1,0,1,701.0,774.0,73.0,0,0,965.95,965.95,,0.0,,1931.9,1,2021-01-20
H130 2021 Fevereiro,Medidor faturado pela UFSC,2021,Fevereiro,0,Sapiens Park,,H130,Condomínio Sapiens Park,Florianópolis - Outros,Sapiens Park - INPETRO,0,0,1,0,1,774.0,774.0,0.0,0,0,0.0,0.0,,0.0,,0.0,2,2021-02-20
H130 2021 Março,Medidor faturado pela UFSC,2021,Março,0,Sapiens Park,,H130,Condomínio Sapiens Park,Florianópolis - Outros,Sapiens Park - INPETRO,0,0,1,0,1,774.0,964.0,190.0,0,0,2340.7,2340.7,,0.0,,4681.4,3,2021-03-20
H130 2021 Abril,Medidor faturado pela UFSC,2021,Abril,0,Sapiens Park,,H130,Condomínio Sapiens Park,Florianópolis - Outros,Sapiens Park - INPETRO,0,0,1,0,1,964.0,986.0,22.0,0,0,244.13,244.13,,0.0,,488.26,4,2021-04-20
H130 2021 Maio,Medidor faturado pela UFSC,2021,Maio,0,Sapiens Park,,H130,Condomínio Sapiens Park,Florianópolis - Outros,Sapiens Park - INPETRO,0,0,1,0,1,986.0,986.0,0.0,0,0,0.0,0.0,,0.0,,0.0,5,2021-05-20
H130 2021 Junho,Medidor faturado pela UFSC,2021,Junho,0,Sapiens Park,,H130,Condomínio Sapiens Park,Florianópolis - Outros,Sapiens Park - INPETRO,0,0,1,0,1,995.0,998.0,3.0,0,0,33.5,33.5,,0.0,,67.0,6,2021-06-20
H130 2021 Julho,Medidor faturado pela UFSC,2021,Julho,0,Sapiens Park,,H130,Condomínio Sapiens Park,Florianópolis - Outros,Sapiens Park - INPETRO,0,0,1,0,1,998.0,1002.0,4.0,0,0,45.29,45.29,,0.0,,90.58,7,2021-07-20
H130 2021 Agosto,Medidor faturado pela UFSC,2021,Agosto,0,Sapiens Park,,H130,Condomínio Sapiens Park,Florianópolis - Outros,Sapiens Park - INPETRO,0,0,1,0,1,1002.0,1004.0,2.0,0,0,25.71,25.71,,0.0,,51.42,8,2021-08-20
H130 2021 Setembro,Medidor faturado pela UFSC,2021,Setembro,0,Sapiens Park,,H130,Condomínio Sapiens Park,Florianópolis - Outros,Sapiens Park - INPETRO,0,0,1,0,1,1004.0,1006.0,2.0,0,0,25.47,25.47,,0.0,,50.94,9,2021-09-20
H130 2021 Outubro,Medidor faturado pela UFSC,2021,Outubro,0,Sapiens Park,,H130,Condomínio Sapiens Park,Florianópolis - Outros,Sapiens Park - INPETRO,0,0,1,0,1,1006.0,1008.0,2.0,0,0,25.47,25.47,,0.0,,50.94,10,2021-10-20
H130 2021 Novembro,Medidor faturado pela UFSC,2021,Novembro,0,Sapiens Park,,H130,Condomínio Sapiens Park,Florianópolis - Outros,Sapiens Park - INPETRO,0,0,1,0,1,1008.0,1010.0,2.0,0,0,25.4,25.4,,0.0,,50.8,11,2021-11-20
H130 2021 Dezembro,Medidor faturado pela UFSC,2021,Dezembro,0,Sapiens Park,,H130,Condomínio Sapiens Park,Florianópolis - Outros,Sapiens Park - INPETRO,0,0,1,0,1,1010.0,1024.0,14.0,0,0,192.63,192.63,,0.0,,385.26,12,2021-12-20
H130 2022 Janeiro,Medidor faturado pela UFSC,2022,Janeiro,0,Sapiens Park,,H130,Condomínio Sapiens Park,Florianópolis - Outros,Sapiens Park - INPETRO,0,0,1,0,1,1024.0,1026.0,2.0,0,0,28.76,28.76,,0.0,,57.52,1,2022-01-20
H130 2022 Fevereiro,Medidor faturado pela UFSC,2022,Fevereiro,0,Sapiens Park,,H130,Condomínio Sapiens Park,Florianópolis - Outros,Sapiens Park - INPETRO,0,0,1,0,1,1026.0,1029.0,3.0,0,0,43.82,43.82,,0.0,,87.64,2,2022-02-20
H130 2022 Março,Medidor faturado pela UFSC,2022,Março,0,Sapiens Park,,H130,Condomínio Sapiens Park,Florianópolis - Outros,Sapiens Park - INPETRO,0,0,1,0,1,1029.0,1033.0,4.0,0,0,55.0,55.0,,0.0,,110.0,3,2022-03-20
H130 2022 Abril,Medidor faturado pela UFSC,2022,Abril,0,Sapiens Park,,H130,Condomínio Sapiens Park,Florianópolis - Outros,Sapiens Park - INPETRO,0,0,1,0,1,1033.0,1047.0,14.0,0,0,187.76,187.76,,0.0,,375.52,4,2022-04-20
H130 2022 Maio,Medidor faturado pela UFSC,2022,Maio,0,Sapiens Park,,H130,Condomínio Sapiens Park,Florianópolis - Outros,Sapiens Park - INPETRO,0,0,1,0,1,1047.0,1064.0,17.0,0,0,219.52,219.52,,0.0,,439.04,5,2022-05-20
H130 2022 Junho,Medidor faturado pela UFSC,2022,Junho,0,Sapiens Park,,H130,Condomínio Sapiens Park,Florianópolis - Outros,Sapiens Park - INPETRO,0,0,1,0,1,1064.0,1074.0,10.0,0,0,130.29,130.29,,0.0,,260.58,6,2022-06-20
H130 2022 Julho,Medidor faturado pela UFSC,2022,Julho,0,Sapiens Park,,H130,Condomínio Sapiens Park,Florianópolis - Outros,Sapiens Park - INPETRO,0,0,1,0,1,1074.0,1089.0,15.0,0,0,230.05,230.05,,0.0,,460.1,7,2022-07-20
H130 2022 Agosto,Medidor faturado pela UFSC,2022,Agosto,0,Sapiens Park,,H130,Condomínio Sapiens Park,Florianópolis - Outros,Sapiens Park - INPETRO,0,0,1,0,1,1089.0,1103.0,14.0,0,0,230.05,230.05,,0.0,,460.1,8,2022-08-20
H130 2022 Setembro,Medidor faturado pela UFSC,2022,Setembro,0,Sapiens Park,,H130,Condomínio Sapiens Park,Florianópolis - Outros,Sapiens Park - INPETRO,0,0,1,0,1,1103.0,1117.0,14.0,0,0,220.32,220.32,,0.0,,440.64,9,2022-09-20
H130 2022 Outubro,Medidor faturado pela UFSC,2022,Outubro,0,Sapiens Park,,H130,Condomínio Sapiens Park,Florianópolis - Outros,Sapiens Park - INPETRO,0,0,1,0,1,1117.0,1967.0,850.0,0,0,14552.0,14552.0,,0.0,,29104.0,10,2022-10-20
H130 2022 Novembro,Medidor faturado pela UFSC,2022,Novembro,0,Sapiens Park,,H130,Condomínio Sapiens Park,Florianópolis - Outros,Sapiens Park - INPETRO,0,0,1,0,1,1967.0,2292.0,325.0,0,0,5305.75,5305.75,,0.0,,10611.5,11,2022-11-20
H130 2022 Dezembro,Medidor faturado pela UFSC,2022,Dezembro,0,Sapiens Park,,H130,Condomínio Sapiens Park,Florianópolis - Outros,Sapiens Park - INPETRO,0,0,1,0,1,2292.0,2292.0,0.0,0,0,0.0,0.0,,0.0,,0.0,12,2022-12-20
H130 2023 Janeiro,Medidor faturado pela UFSC,2023,Janeiro,0,Sapiens Park,,H130,Condomínio Sapiens Park,Florianópolis - Outros,Sapiens Park - INPETRO,0,0,1,0,1,2292.0,2292.0,0.0,0,0,0.0,0.0,,0.0,,0.0,1,2023-01-20
H130 2023 Fevereiro,Medidor faturado pela UFSC,2023,Fevereiro,0,Sapiens Park,,H130,Condomínio Sapiens Park,Florianópolis - Outros,Sapiens Park - INPETRO,0,0,1,0,1,2292.0,2298.0,6.0,0,0,78.99,78.99,,0.0,,157.98,2,2023-02-20
H130 2023 Março,Medidor faturado pela UFSC,2023,Março,0,Sapiens Park,,H130,Condomínio Sapiens Park,Florianópolis - Outros,Sapiens Park - INPETRO,0,0,1,0,1,2298.0,2300.0,2.0,0,0,37.72,37.72,,0.0,,75.44,3,2023-03-20
H130 2023 Abril,Medidor faturado pela UFSC,2023,Abril,0,Sapiens Park,,H130,Condomínio Sapiens Park,Florianópolis - Outros,Sapiens Park - INPETRO,0,0,1,0,1,2300.0,2325.0,25.0,0,0,415.25,415.25,,0.0,,830.5,4,2023-04-20
H130 2023 Maio,Medidor faturado pela UFSC,2023,Maio,0,Sapiens Park,,H130,Condomínio Sapiens Park,Florianópolis - Outros,Sapiens Park - INPETRO,0,0,1,0,1,2325.0,2337.0,12.0,0,0,186.84,186.84,,0.0,,373.68,5,2023-05-20
H130 2023 Junho,Medidor faturado pela UFSC,2023,Junho,0,Sapiens Park,,H130,Condomínio Sapiens Park,Florianópolis - Outros,Sapiens Park - INPETRO,0,0,1,0,1,2337.0,2361.0,24.0,0,0,282.24,282.24,,0.0,,564.48,6,2023-06-20
H130 2023 Julho,Medidor faturado pela UFSC,2023,Julho,0,Sapiens Park,,H130,Condomínio Sapiens Park,Florianópolis - Outros,Sapiens Park - INPETRO,0,0,1,0,1,2361.0,2370.0,9.0,0,0,156.42,156.42,,0.0,,312.84,7,2023-07-20
H130 2023 Agosto,Medidor faturado pela UFSC,2023,Agosto,0,Sapiens Park,,H130,Condomínio Sapiens Park,Florianópolis - Outros,Sapiens Park - INPETRO,0,0,1,0,1,2370.0,2399.0,29.0,0,0,498.8,498.8,,0.0,,997.6,8,2023-08-20
H130 2023 Setembro,Medidor faturado pela UFSC,2023,Setembro,0,Sapiens Park,,H130,Condomínio Sapiens Park,Florianópolis - Outros,Sapiens Park - INPETRO,0,0,1,0,1,2399.0,2428.0,29.0,0,0,504.31,504.31,,0.0,,1008.62,9,2023-09-20
H130 2023 Outubro,Medidor faturado pela UFSC,2023,Outubro,0,Sapiens Park,,H130,Condomínio Sapiens Park,Florianópolis - Outros,Sapiens Park - INPETRO,0,0,1,0,1,2428.0,2520.0,92.0,0,0,1546.52,1546.52,,0.0,,3093.04,10,2023-10-20
H130 2023 Novembro,Medidor faturado pela UFSC,2023,Novembro,0,Sapiens Park,,H130,Condomínio Sapiens Park,Florianópolis - Outros,Sapiens Park - INPETRO,0,0,1,0,1,2520.0,2544.0,24.0,0,0,403.44,403.44,,0.0,,806.88,11,2023-11-20
H130 2023 Dezembro,Medidor faturado pela UFSC,2023,Dezembro,0,Sapiens Park,,H130,Condomínio Sapiens Park,Florianópolis - Outros,Sapiens Park - INPETRO,0,0,1,0,1,2544.0,2567.0,23.0,0,0,396.29,396.29,,0.0,,792.58,12,2023-12-20
H130 2024 Janeiro,Medidor faturado pela UFSC,2024,Janeiro,0,Sapiens Park,,H130,Condomínio Sapiens Park,Florianópolis - Outros,Sapiens Park - INPETRO,0,0,1,0,1,2567.0,2583.0,16.0,0,0,284.0,284.0,,0.0,,568.0,1,2024-01-20
H130 2024 Fevereiro,Medidor faturado pela UFSC,2024,Fevereiro,0,Sapiens Park,,H130,Condomínio Sapiens Park,Florianópolis - Outros,Sapiens Park - INPETRO,0,0,1,0,1,2583.0,3339.0,756.0,0,0,13071.24,13071.24,,0.0,,26142.48,2,2024-02-20
H130 2024 Março,Medidor faturado pela UFSC,2024,Março,0,Sapiens Park,,H130,Condomínio Sapiens Park,Florianópolis - Outros,Sapiens Park - INPETRO,0,0,1,0,1,3339.0,3913.0,574.0,0,0,10596.04,10596.04,,0.0,,21192.08,3,2024-03-20
H130 2024 Abril,Medidor faturado pela UFSC,2024,Abril,0,Sapiens Park,,H130,Condomínio Sapiens Park,Florianópolis - Outros,Sapiens Park - INPETRO,0,0,1,0,1,3913.0,3914.0,1.0,0,0,17.2,17.2,,0.0,,34.4,4,2024-04-20
H130 2024 Maio,Medidor faturado pela UFSC,2024,Maio,0,Sapiens Park,,H130,Condomínio Sapiens Park,Florianópolis - Outros,Sapiens Park - INPETRO,0,0,1,0,1,3914.0,3914.0,0.0,0,0,0.0,0.0,,0.0,,0.0,5,2024-05-20
H130 2024 Junho,Medidor faturado pela UFSC,2024,Junho,0,Sapiens Park,,H130,Condomínio Sapiens Park,Florianópolis - Outros,Sapiens Park - INPETRO,0,0,1,0,1,3914.0,3918.0,4.0,0,0,84.04,84.04,,0.0,,168.08,6,2024-06-20
H130 2024 Julho,Medidor faturado pela UFSC,2024,Julho,0,Sapiens Park,,H130,Condomínio Sapiens Park,Florianópolis - Outros,Sapiens Park - INPETRO,0,0,1,0,1,3918.0,3918.0,0.0,0,0,0.0,0.0,,0.0,,0.0,7,2024-07-20
H130 2024 Agosto,Medidor faturado pela UFSC,2024,Agosto,0,Sapiens Park,,H130,Condomínio Sapiens Park,Florianópolis - Outros,Sapiens Park - INPETRO,0,0,1,0,1,3918.0,3947.0,29.0,0,0,604.36,604.36,,0.0,,1208.72,8,2024-08-20
H130 2024 Setembro,Medidor faturado pela UFSC,2024,Setembro,0,Sapiens Park,,H130,Condomínio Sapiens Park,Florianópolis - Outros,Sapiens Park - INPETRO,0,0,1,0,1,3947.0,3961.0,14.0,0,0,291.06,291.06,,0.0,,582.12,9,2024-09-20
H130 2024 Outubro,Medidor faturado pela UFSC,2024,Outubro,0,Sapiens Park,,H130,Condomínio Sapiens Park,Florianópolis - Outros,Sapiens Park - INPETRO,0,0,1,0,1,3961.0,3966.0,5.0,0,0,107.15,107.15,,0.0,,214.3,10,2024-10-20
H130 2024 Novembro,Medidor faturado pela UFSC,2024,Novembro,0,Sapiens Park,,H130,Condomínio Sapiens Park,Florianópolis - Outros,Sapiens Park - INPETRO,0,0,1,0,1,3966.0,4011.0,45.0,0,0,936.9,936.9,,0.0,,1873.8,11,2024-11-20
H130 2024 Dezembro,Medidor faturado pela UFSC,2024,Dezembro,0,Sapiens Park,,H130,Condomínio Sapiens Park,Florianópolis - Outros,Sapiens Park - INPETRO,0,0,1,0,1,4011.0,4011.0,0.0,0,0,0.0,0.0,,0.0,,0.0,12,2024-12-20
H130 2025 Janeiro,Medidor faturado pela UFSC,2025,Janeiro,0,Sapiens Park,,H130,Condomínio Sapiens Park,Florianópolis - Outros,Sapiens Park - INPETRO,0,0,1,0,1,4011.0,4075.0,64.0,0,0,936.9,936.9,,0.0,,1873.8,1,2025-01-20
H130 2025 Fevereiro,Medidor faturado pela UFSC,2025,Fevereiro,0,Sapiens Park,,H130,Condomínio Sapiens Park,Florianópolis - Outros,Sapiens Park - INPETRO,0,0,1,0,1,4075.0,4223.0,148.0,0,0,3146.48,3146.48,,0.0,,6292.96,2,2025-02-20
H130 2025 Março,Medidor faturado pela UFSC,2025,Março,0,Sapiens Park,,H130,Condomínio Sapiens Park,Florianópolis - Outros,Sapiens Park - INPETRO,0,0,1,0,1,4223.0,4235.0,12.0,0,0,270.0,270.0,,0.0,,540.0,3,2025-03-20
H131 2017 Janeiro,Medidor faturado pela UFSC,2017,Janeiro,0,Sapiens Park,,H131,Condomínio Sapiens Park,Florianópolis - Outros,Sapiens Park - Fotovoltaica,1,0,0,0,1,545.0,776.0,231.0,0,0,1100.94,1100.94,,0.0,,2201.88,1,2017-01-20
H131 2017 Fevereiro,Medidor faturado pela UFSC,2017,Fevereiro,0,Sapiens Park,,H131,Condomínio Sapiens Park,Florianópolis - Outros,Sapiens Park - Fotovoltaica,1,0,0,0,1,776.0,928.0,152.0,0,0,721.06,721.06,,0.0,,1442.12,2,2017-02-20
H131 2017 Março,Medidor faturado pela UFSC,2017,Março,0,Sapiens Park,,H131,Condomínio Sapiens Park,Florianópolis - Outros,Sapiens Park - Fotovoltaica,1,0,0,0,1,928.0,1159.0,231.0,0,0,1100.94,1100.94,,0.0,,2201.88,3,2017-03-20
H131 2017 Abril,Medidor faturado pela UFSC,2017,Abril,0,Sapiens Park,,H131,Condomínio Sapiens Park,Florianópolis - Outros,Sapiens Park - Fotovoltaica,1,0,0,0,1,1159.0,1333.0,174.0,0,0,1656.16,1656.16,,0.0,,3312.32,4,2017-04-20
H131 2017 Maio,Medidor faturado pela UFSC,2017,Maio,0,Sapiens Park,,H131,Condomínio Sapiens Park,Florianópolis - Outros,Sapiens Park - Fotovoltaica,1,0,0,0,1,1333.0,1483.0,150.0,0,0,1422.38,1422.38,,0.0,,2844.76,5,2017-05-20
H131 2017 Junho,Medidor faturado pela UFSC,2017,Junho,0,Sapiens Park,,H131,Condomínio Sapiens Park,Florianópolis - Outros,Sapiens Park - Fotovoltaica,1,0,0,0,1,1483.0,1528.0,45.0,0,0,399.62,399.62,,0.0,,799.24,6,2017-06-20
H131 2017 Julho,Medidor faturado pela UFSC,2017,Julho,0,Sapiens Park,,H131,Condomínio Sapiens Park,Florianópolis - Outros,Sapiens Park - Fotovoltaica,1,0,0,0,1,1528.0,1565.0,37.0,0,0,1510.05,1510.05,,0.0,,3020.1,7,2017-07-20
H131 2017 Agosto,Medidor faturado pela UFSC,2017,Agosto,0,Sapiens Park,,H131,Condomínio Sapiens Park,Florianópolis - Outros,Sapiens Park - Fotovoltaica,1,0,0,0,1,1565.0,1591.0,26.0,0,0,214.55,214.55,,0.0,,429.1,8,2017-08-20
H131 2017 Setembro,Medidor faturado pela UFSC,2017,Setembro,0,Sapiens Park,,H131,Condomínio Sapiens Park,Florianópolis - Outros,Sapiens Park - Fotovoltaica,1,0,0,0,1,1591.0,1630.0,39.0,0,0,341.18,341.18,,0.0,,682.36,9,2017-09-20
H131 2017 Outubro,Medidor faturado pela UFSC,2017,Outubro,0,Sapiens Park,,H131,Condomínio Sapiens Park,Florianópolis - Outros,Sapiens Park - Fotovoltaica,1,0,0,0,1,1630.0,1709.0,79.0,0,0,730.82,730.82,,0.0,,1461.64,10,2017-10-20
H131 2017 Novembro,Medidor faturado pela UFSC,2017,Novembro,0,Sapiens Park,,H131,Condomínio Sapiens Park,Florianópolis - Outros,Sapiens Park - Fotovoltaica,1,0,0,0,1,1709.0,1827.0,118.0,0,0,1369.69,1369.69,,0.0,,2739.38,11,2017-11-20
H131 2017 Dezembro,Medidor faturado pela UFSC,2017,Dezembro,0,Sapiens Park,,H131,Condomínio Sapiens Park,Florianópolis - Outros,Sapiens Park - Fotovoltaica,1,0,0,0,1,1827.0,1929.0,102.0,0,0,1161.69,1161.69,,0.0,,2323.38,12,2017-12-20
H131 2018 Janeiro,Medidor faturado pela UFSC,2018,Janeiro,0,Sapiens Park,,H131,Condomínio Sapiens Park,Florianópolis - Outros,Sapiens Park - Fotovoltaica,1,0,0,0,1,1929.0,2156.0,227.0,0,0,2521.41,2521.41,,0.0,,5042.82,1,2018-01-20
H131 2018 Fevereiro,Medidor faturado pela UFSC,2018,Fevereiro,0,Sapiens Park,,H131,Condomínio Sapiens Park,Florianópolis - Outros,Sapiens Park - Fotovoltaica,1,0,0,0,1,2156.0,2357.0,201.0,0,0,2182.06,2182.06,,0.0,,4364.12,2,2018-02-20
H131 2018 Março,Medidor faturado pela UFSC,2018,Março,0,Sapiens Park,,H131,Condomínio Sapiens Park,Florianópolis - Outros,Sapiens Park - Fotovoltaica,1,0,0,0,1,2357.0,2555.0,198.0,0,0,2238.14,2238.14,,0.0,,4476.28,3,2018-03-20
H131 2018 Abril,Medidor faturado pela UFSC,2018,Abril,0,Sapiens Park,,H131,Condomínio Sapiens Park,Florianópolis - Outros,Sapiens Park - Fotovoltaica,1,0,0,0,1,2555.0,2764.0,209.0,0,0,2320.08,2320.08,,0.0,,4640.16,4,2018-04-20
H131 2018 Maio,Medidor faturado pela UFSC,2018,Maio,0,Sapiens Park,,H131,Condomínio Sapiens Park,Florianópolis - Outros,Sapiens Park - Fotovoltaica,1,0,0,0,1,2764.0,2914.0,150.0,0,0,1570.77,1570.77,,0.0,,3141.54,5,2018-05-20
H131 2018 Junho,Medidor faturado pela UFSC,2018,Junho,0,Sapiens Park,,H131,Condomínio Sapiens Park,Florianópolis - Outros,Sapiens Park - Fotovoltaica,1,0,0,0,1,2914.0,2967.0,53.0,0,0,290.17,290.17,,0.0,,580.34,6,2018-06-20
H131 2018 Julho,Medidor faturado pela UFSC,2018,Julho,0,Sapiens Park,,H131,Condomínio Sapiens Park,Florianópolis - Outros,Sapiens Park - Fotovoltaica,1,0,0,0,1,2967.0,2987.0,20.0,0,0,226.49,226.49,,0.0,,452.98,7,2018-07-20
H131 2018 Agosto,Medidor faturado pela UFSC,2018,Agosto,0,Sapiens Park,,H131,Condomínio Sapiens Park,Florianópolis - Outros,Sapiens Park - Fotovoltaica,1,0,0,0,1,2987.0,3025.0,38.0,0,0,394.03,394.03,,0.0,,788.06,8,2018-08-20
H131 2018 Setembro,Medidor faturado pela UFSC,2018,Setembro,0,Sapiens Park,,H131,Condomínio Sapiens Park,Florianópolis - Outros,Sapiens Park - Fotovoltaica,1,0,0,0,1,3025.0,3065.0,40.0,0,0,445.05,445.05,,0.0,,890.1,9,2018-09-20
H131 2018 Outubro,Medidor faturado pela UFSC,2018,Outubro,0,Sapiens Park,,H131,Condomínio Sapiens Park,Florianópolis - Outros,Sapiens Park - Fotovoltaica,1,0,0,0,1,3065.0,3232.0,167.0,0,0,1510.68,1510.68,,0.0,,3021.36,10,2018-10-20
H131 2018 Novembro,Medidor faturado pela UFSC,2018,Novembro,0,Sapiens Park,,H131,Condomínio Sapiens Park,Florianópolis - Outros,Sapiens Park - Fotovoltaica,1,0,0,0,1,3232.0,3372.0,140.0,0,0,910.05,910.05,,0.0,,1820.1,11,2018-11-20
H131 2018 Dezembro,Medidor faturado pela UFSC,2018,Dezembro,0,Sapiens Park,,H131,Condomínio Sapiens Park,Florianópolis - Outros,Sapiens Park - Fotovoltaica,1,0,0,0,1,3372.0,3608.0,236.0,0,0,1534.09,1534.09,,0.0,,3068.18,12,2018-12-20
H131 2019 Janeiro,Medidor faturado pela UFSC,2019,Janeiro,0,Sapiens Park,,H131,Condomínio Sapiens Park,Florianópolis - Outros,Sapiens Park - Fotovoltaica,1,0,0,0,1,3608.0,3807.0,199.0,0,0,1293.57,1293.57,,0.0,,2587.14,1,2019-01-20
H131 2019 Fevereiro,Medidor faturado pela UFSC,2019,Fevereiro,0,Sapiens Park,,H131,Condomínio Sapiens Park,Florianópolis - Outros,Sapiens Park - Fotovoltaica,1,0,0,0,1,3807.0,4004.0,197.0,0,0,1280.57,1280.57,,0.0,,2561.14,2,2019-02-20
H131 2019 Março,Medidor faturado pela UFSC,2019,Março,0,Sapiens Park,,H131,Condomínio Sapiens Park,Florianópolis - Outros,Sapiens Park - Fotovoltaica,1,0,0,0,1,4004.0,4199.0,195.0,0,0,1267.57,1267.57,,0.0,,2535.14,3,2019-03-20
H131 2019 Abril,Medidor faturado pela UFSC,2019,Abril,0,Sapiens Park,,H131,Condomínio Sapiens Park,Florianópolis - Outros,Sapiens Park - Fotovoltaica,1,0,0,0,1,4199.0,4433.0,234.0,0,0,1521.09,1521.09,,0.0,,3042.18,4,2019-04-20
H131 2019 Maio,Medidor faturado pela UFSC,2019,Maio,0,Sapiens Park,,H131,Condomínio Sapiens Park,Florianópolis - Outros,Sapiens Park - Fotovoltaica,1,0,0,0,1,4433.0,4606.0,173.0,0,0,1124.56,1124.56,,0.0,,2249.12,5,2019-05-20
H131 2019 Junho,Medidor faturado pela UFSC,2019,Junho,0,Sapiens Park,,H131,Condomínio Sapiens Park,Florianópolis - Outros,Sapiens Park - Fotovoltaica,1,0,0,0,1,4606.0,4646.0,40.0,0,0,260.02,260.02,,0.0,,520.04,6,2019-06-20
H131 2019 Julho,Medidor faturado pela UFSC,2019,Julho,0,Sapiens Park,,H131,Condomínio Sapiens Park,Florianópolis - Outros,Sapiens Park - Fotovoltaica,1,0,0,0,1,4646.0,4656.0,10.0,0,0,65.0,65.0,,0.0,,130.0,7,2019-07-20
H131 2019 Agosto,Medidor faturado pela UFSC,2019,Agosto,0,Sapiens Park,,H131,Condomínio Sapiens Park,Florianópolis - Outros,Sapiens Park - Fotovoltaica,1,0,0,0,1,4656.0,4688.0,32.0,0,0,408.05,408.05,,0.0,,816.1,8,2019-08-20
H131 2019 Setembro,Medidor faturado pela UFSC,2019,Setembro,0,Sapiens Park,,H131,Condomínio Sapiens Park,Florianópolis - Outros,Sapiens Park - Fotovoltaica,1,0,0,0,1,4688.0,4719.0,31.0,0,0,385.01,385.01,,0.0,,770.02,9,2019-09-20
H131 2019 Outubro,Medidor faturado pela UFSC,2019,Outubro,0,Sapiens Park,,H131,Condomínio Sapiens Park,Florianópolis - Outros,Sapiens Park - Fotovoltaica,1,0,0,0,1,4719.0,4819.0,100.0,0,0,1244.98,1244.98,,0.0,,2489.96,10,2019-10-20
H131 2019 Novembro,Medidor faturado pela UFSC,2019,Novembro,0,Sapiens Park,,H131,Condomínio Sapiens Park,Florianópolis - Outros,Sapiens Park - Fotovoltaica,1,0,0,0,1,4819.0,4886.0,67.0,0,0,828.15,828.15,,0.0,,1656.3,11,2019-11-20
H131 2019 Dezembro,Medidor faturado pela UFSC,2019,Dezembro,0,Sapiens Park,,H131,Condomínio Sapiens Park,Florianópolis - Outros,Sapiens Park - Fotovoltaica,1,0,0,0,1,4886.0,4945.0,59.0,0,0,,,,,,,12,2019-12-20
H131 2020 Janeiro,Medidor faturado pela UFSC,2020,Janeiro,0,Sapiens Park,,H131,Condomínio Sapiens Park,Florianópolis - Outros,Sapiens Park - Fotovoltaica,1,0,0,0,1,4945.0,5008.0,63.0,0,0,817.24,817.24,,0.0,,1634.48,1,2020-01-20
H131 2020 Fevereiro,Medidor faturado pela UFSC,2020,Fevereiro,0,Sapiens Park,,H131,Condomínio Sapiens Park,Florianópolis - Outros,Sapiens Park - Fotovoltaica,1,0,0,0,1,5008.0,5063.0,55.0,0,0,714.63,714.63,,0.0,,1429.26,2,2020-02-20
H131 2020 Março,Medidor faturado pela UFSC,2020,Março,0,Sapiens Park,,H131,Condomínio Sapiens Park,Florianópolis - Outros,Sapiens Park - Fotovoltaica,1,0,0,0,1,5063.0,5105.0,42.0,0,0,543.76,543.76,,9.0,,1096.52,3,2020-03-20
H131 2020 Abril,Medidor faturado pela UFSC,2020,Abril,0,Sapiens Park,,H131,Condomínio Sapiens Park,Florianópolis - Outros,Sapiens Park - Fotovoltaica,1,0,0,0,1,5105.0,5165.0,60.0,0,0,764.28,764.28,,9.0,,1537.56,4,2020-04-20
H131 2020 Maio,Medidor faturado pela UFSC,2020,Maio,0,Sapiens Park,,H131,Condomínio Sapiens Park,Florianópolis - Outros,Sapiens Park - Fotovoltaica,1,0,0,0,1,5165.0,5210.0,45.0,0,0,563.12,563.12,,9.0,,1135.24,5,2020-05-20
H131 2020 Junho,Medidor faturado pela UFSC,2020,Junho,0,Sapiens Park,,H131,Condomínio Sapiens Park,Florianópolis - Outros,Sapiens Park - Fotovoltaica,1,0,0,0,1,5210.0,5245.0,35.0,0,0,384.29,384.29,,9.0,,777.58,6,2020-06-20
H131 2020 Julho,Medidor faturado pela UFSC,2020,Julho,0,Sapiens Park,,H131,Condomínio Sapiens Park,Florianópolis - Outros,Sapiens Park - Fotovoltaica,1,0,0,0,1,5245.0,5257.0,12.0,0,0,135.51,135.51,,9.0,,280.02,7,2020-07-20
H131 2020 Agosto,Medidor faturado pela UFSC,2020,Agosto,0,Sapiens Park,,H131,Condomínio Sapiens Park,Florianópolis - Outros,Sapiens Park - Fotovoltaica,1,0,0,0,1,5257.0,5273.0,16.0,0,0,189.98,189.98,,9.0,,388.96,8,2020-08-20
H131 2020 Setembro,Medidor faturado pela UFSC,2020,Setembro,0,Sapiens Park,,H131,Condomínio Sapiens Park,Florianópolis - Outros,Sapiens Park - Fotovoltaica,1,0,0,0,1,5273.0,5304.0,31.0,0,0,350.07,350.07,,9.0,,709.14,9,2020-09-20
H131 2020 Outubro,Medidor faturado pela UFSC,2020,Outubro,0,Sapiens Park,,H131,Condomínio Sapiens Park,Florianópolis - Outros,Sapiens Park - Fotovoltaica,1,0,0,0,1,5304.0,5320.0,16.0,0,0,185.22,185.22,,0.0,,370.44,10,2020-10-20
H131 2020 Novembro,Medidor faturado pela UFSC,2020,Novembro,0,Sapiens Park,,H131,Condomínio Sapiens Park,Florianópolis - Outros,Sapiens Park - Fotovoltaica,1,0,0,0,1,5320.0,5387.0,67.0,0,0,779.53,779.53,,0.0,,1559.06,11,2020-11-20
H131 2020 Dezembro,Medidor faturado pela UFSC,2020,Dezembro,0,Sapiens Park,,H131,Condomínio Sapiens Park,Florianópolis - Outros,Sapiens Park - Fotovoltaica,1,0,0,0,1,5387.0,5407.0,20.0,0,0,222.51,222.51,,0.0,,445.02,12,2020-12-20
H131 2021 Janeiro,Medidor faturado pela UFSC,2021,Janeiro,0,Sapiens Park,,H131,Condomínio Sapiens Park,Florianópolis - Outros,Sapiens Park - Fotovoltaica,1,0,0,0,1,5407.0,5463.0,56.0,0,0,741.0,741.0,,0.0,,1482.0,1,2021-01-20
H131 2021 Fevereiro,Medidor faturado pela UFSC,2021,Fevereiro,0,Sapiens Park,,H131,Condomínio Sapiens Park,Florianópolis - Outros,Sapiens Park - Fotovoltaica,1,0,0,0,1,5463.0,5468.0,5.0,0,0,55.11,55.11,,0.0,,110.22,2,2021-02-20
H131 2021 Março,Medidor faturado pela UFSC,2021,Março,0,Sapiens Park,,H131,Condomínio Sapiens Park,Florianópolis - Outros,Sapiens Park - Fotovoltaica,1,0,0,0,1,5468.0,5474.0,6.0,0,0,73.92,73.92,,0.0,,147.84,3,2021-03-20
H131 2021 Abril,Medidor faturado pela UFSC,2021,Abril,0,Sapiens Park,,H131,Condomínio Sapiens Park,Florianópolis - Outros,Sapiens Park - Fotovoltaica,1,0,0,0,1,5474.0,5512.0,38.0,0,0,421.67,421.67,,0.0,,843.34,4,2021-04-20
H131 2021 Maio,Medidor faturado pela UFSC,2021,Maio,0,Sapiens Park,,H131,Condomínio Sapiens Park,Florianópolis - Outros,Sapiens Park - Fotovoltaica,1,0,0,0,1,5512.0,5551.0,39.0,0,0,446.67,446.67,,0.0,,893.34,5,2021-05-20
H131 2021 Junho,Medidor faturado pela UFSC,2021,Junho,0,Sapiens Park,,H131,Condomínio Sapiens Park,Florianópolis - Outros,Sapiens Park - Fotovoltaica,1,0,0,0,1,5551.0,5593.0,42.0,0,0,468.99,468.99,,0.0,,937.98,6,2021-06-20
H131 2021 Julho,Medidor faturado pela UFSC,2021,Julho,0,Sapiens Park,,H131,Condomínio Sapiens Park,Florianópolis - Outros,Sapiens Park - Fotovoltaica,1,0,0,0,1,5593.0,5659.0,66.0,0,0,747.35,747.35,,0.0,,1494.7,7,2021-07-20
H131 2021 Agosto,Medidor faturado pela UFSC,2021,Agosto,0,Sapiens Park,,H131,Condomínio Sapiens Park,Florianópolis - Outros,Sapiens Park - Fotovoltaica,1,0,0,0,1,5659.0,5749.0,90.0,0,0,1157.08,1157.08,,0.0,,2314.16,8,2021-08-20
H131 2021 Setembro,Medidor faturado pela UFSC,2021,Setembro,0,Sapiens Park,,H131,Condomínio Sapiens Park,Florianópolis - Outros,Sapiens Park - Fotovoltaica,1,0,0,0,1,5749.0,5942.0,193.0,0,0,2458.03,2458.03,,0.0,,4916.06,9,2021-09-20
H131 2021 Outubro,Medidor faturado pela UFSC,2021,Outubro,0,Sapiens Park,,H131,Condomínio Sapiens Park,Florianópolis - Outros,Sapiens Park - Fotovoltaica,1,0,0,0,1,5942.0,6034.0,92.0,0,0,1171.7,1171.7,,0.0,,2343.4,10,2021-10-20
H131 2021 Novembro,Medidor faturado pela UFSC,2021,Novembro,0,Sapiens Park,,H131,Condomínio Sapiens Park,Florianópolis - Outros,Sapiens Park - Fotovoltaica,1,0,0,0,1,6034.0,6116.0,82.0,0,0,938.93,938.93,,0.0,,1877.86,11,2021-11-20
H131 2021 Dezembro,Medidor faturado pela UFSC,2021,Dezembro,0,Sapiens Park,,H131,Condomínio Sapiens Park,Florianópolis - Outros,Sapiens Park - Fotovoltaica,1,0,0,0,1,6116.0,6537.0,421.0,0,0,5792.68,5792.68,,0.0,,11585.36,12,2021-12-20
H131 2022 Janeiro,Medidor faturado pela UFSC,2022,Janeiro,0,Sapiens Park,,H131,Condomínio Sapiens Park,Florianópolis - Outros,Sapiens Park - Fotovoltaica,1,0,0,0,1,6537.0,6987.0,450.0,0,0,6470.46,6470.46,,0.0,,12940.92,1,2022-01-20
H131 2022 Fevereiro,Medidor faturado pela UFSC,2022,Fevereiro,0,Sapiens Park,,H131,Condomínio Sapiens Park,Florianópolis - Outros,Sapiens Park - Fotovoltaica,1,0,0,0,1,6987.0,7580.0,593.0,0,0,8660.87,8660.87,,0.0,,17321.74,2,2022-02-20
H131 2022 Março,Medidor faturado pela UFSC,2022,Março,0,Sapiens Park,,H131,Condomínio Sapiens Park,Florianópolis - Outros,Sapiens Park - Fotovoltaica,1,0,0,0,1,7580.0,7710.0,130.0,0,0,1787.54,1787.54,,0.0,,3575.08,3,2022-03-20
H131 2022 Abril,Medidor faturado pela UFSC,2022,Abril,0,Sapiens Park,,H131,Condomínio Sapiens Park,Florianópolis - Outros,Sapiens Park - Fotovoltaica,1,0,0,0,1,7710.0,7791.0,81.0,0,0,1086.34,1086.34,,0.0,,2172.68,4,2022-04-20
H131 2022 Maio,Medidor faturado pela UFSC,2022,Maio,0,Sapiens Park,,H131,Condomínio Sapiens Park,Florianópolis - Outros,Sapiens Park - Fotovoltaica,1,0,0,0,1,7791.0,7898.0,107.0,0,0,1381.71,1381.71,,0.0,,2763.42,5,2022-05-20
H131 2022 Junho,Medidor faturado pela UFSC,2022,Junho,0,Sapiens Park,,H131,Condomínio Sapiens Park,Florianópolis - Outros,Sapiens Park - Fotovoltaica,1,0,0,0,1,7898.0,7943.0,45.0,0,0,586.29,586.29,,0.0,,1172.58,6,2022-06-20
H131 2022 Julho,Medidor faturado pela UFSC,2022,Julho,0,Sapiens Park,,H131,Condomínio Sapiens Park,Florianópolis - Outros,Sapiens Park - Fotovoltaica,1,0,0,0,1,7943.0,8011.0,68.0,0,0,1042.89,1042.89,,0.0,,2085.78,7,2022-07-20
H131 2022 Agosto,Medidor faturado pela UFSC,2022,Agosto,0,Sapiens Park,,H131,Condomínio Sapiens Park,Florianópolis - Outros,Sapiens Park - Fotovoltaica,1,0,0,0,1,8011.0,8074.0,63.0,0,0,988.61,988.61,,0.0,,1977.22,8,2022-08-20
H131 2022 Setembro,Medidor faturado pela UFSC,2022,Setembro,0,Sapiens Park,,H131,Condomínio Sapiens Park,Florianópolis - Outros,Sapiens Park - Fotovoltaica,1,0,0,0,1,8074.0,8151.0,77.0,0,0,1211.77,1211.77,,0.0,,2423.54,9,2022-09-20
H131 2022 Outubro,Medidor faturado pela UFSC,2022,Outubro,0,Sapiens Park,,H131,Condomínio Sapiens Park,Florianópolis - Outros,Sapiens Park - Fotovoltaica,1,0,0,0,1,8151.0,8302.0,151.0,0,0,2585.12,2585.12,,0.0,,5170.24,10,2022-10-20
H131 2022 Novembro,Medidor faturado pela UFSC,2022,Novembro,0,Sapiens Park,,H131,Condomínio Sapiens Park,Florianópolis - Outros,Sapiens Park - Fotovoltaica,1,0,0,0,1,8302.0,8419.0,117.0,0,0,1910.07,1910.07,,0.0,,3820.14,11,2022-11-20
H131 2022 Dezembro,Medidor faturado pela UFSC,2022,Dezembro,0,Sapiens Park,,H131,Condomínio Sapiens Park,Florianópolis - Outros,Sapiens Park - Fotovoltaica,1,0,0,0,1,8419.0,8819.0,400.0,0,0,6776.44,6776.44,,0.0,,13552.88,12,2022-12-20
H131 2023 Janeiro,Medidor faturado pela UFSC,2023,Janeiro,0,Sapiens Park,,H131,Condomínio Sapiens Park,Florianópolis - Outros,Sapiens Park - Fotovoltaica,1,0,0,0,1,8819.0,9252.0,433.0,0,0,6783.5,6783.5,,0.0,,13567.0,1,2023-01-20
H131 2023 Fevereiro,Medidor faturado pela UFSC,2023,Fevereiro,0,Sapiens Park,,H131,Condomínio Sapiens Park,Florianópolis - Outros,Sapiens Park - Fotovoltaica,1,0,0,0,1,9252.0,9646.0,394.0,0,0,6521.58,6521.58,,0.0,,13043.16,2,2023-02-20
H131 2023 Março,Medidor faturado pela UFSC,2023,Março,0,Sapiens Park,,H131,Condomínio Sapiens Park,Florianópolis - Outros,Sapiens Park - Fotovoltaica,1,0,0,0,1,9646.0,9829.0,183.0,0,0,3094.05,3094.05,,0.0,,6188.1,3,2023-03-20
H131 2023 Abril,Medidor faturado pela UFSC,2023,Abril,0,Sapiens Park,,H131,Condomínio Sapiens Park,Florianópolis - Outros,Sapiens Park - Fotovoltaica,1,0,0,0,1,9829.0,9941.0,112.0,0,0,1860.32,1860.32,,0.0,,3720.64,4,2023-04-20
H131 2023 Maio,Medidor faturado pela UFSC,2023,Maio,0,Sapiens Park,,H131,Condomínio Sapiens Park,Florianópolis - Outros,Sapiens Park - Fotovoltaica,1,0,0,0,1,9941.0,9984.0,43.0,0,0,669.51,669.51,,0.0,,1339.02,5,2023-05-20
H131 2023 Junho,Medidor faturado pela UFSC,2023,Junho,0,Sapiens Park,,H131,Condomínio Sapiens Park,Florianópolis - Outros,Sapiens Park - Fotovoltaica,1,0,0,0,1,9984.0,10100.0,116.0,0,0,1364.16,1364.16,,0.0,,2728.32,6,2023-06-20
H131 2023 Julho,Medidor faturado pela UFSC,2023,Julho,0,Sapiens Park,,H131,Condomínio Sapiens Park,Florianópolis - Outros,Sapiens Park - Fotovoltaica,1,0,0,0,1,10100.0,10121.0,21.0,0,0,364.98,364.98,,0.0,,729.96,7,2023-07-20
H131 2023 Agosto,Medidor faturado pela UFSC,2023,Agosto,0,Sapiens Park,,H131,Condomínio Sapiens Park,Florianópolis - Outros,Sapiens Park - Fotovoltaica,1,0,0,0,1,10121.0,10211.0,90.0,0,0,1548.0,1548.0,,0.0,,3096.0,8,2023-08-20
H131 2023 Setembro,Medidor faturado pela UFSC,2023,Setembro,0,Sapiens Park,,H131,Condomínio Sapiens Park,Florianópolis - Outros,Sapiens Park - Fotovoltaica,1,0,0,0,1,10211.0,10317.0,106.0,0,0,1843.34,1843.34,,0.0,,3686.68,9,2023-09-20
H131 2023 Outubro,Medidor faturado pela UFSC,2023,Outubro,0,Sapiens Park,,H131,Condomínio Sapiens Park,Florianópolis - Outros,Sapiens Park - Fotovoltaica,1,0,0,0,1,10317.0,10388.0,71.0,0,0,1193.51,1193.51,,0.0,,2387.02,10,2023-10-20
H131 2023 Novembro,Medidor faturado pela UFSC,2023,Novembro,0,Sapiens Park,,H131,Condomínio Sapiens Park,Florianópolis - Outros,Sapiens Park - Fotovoltaica,1,0,0,0,1,10388.0,10527.0,139.0,0,0,2336.59,2336.59,,0.0,,4673.18,11,2023-11-20
H131 2023 Dezembro,Medidor faturado pela UFSC,2023,Dezembro,0,Sapiens Park,,H131,Condomínio Sapiens Park,Florianópolis - Outros,Sapiens Park - Fotovoltaica,1,0,0,0,1,10527.0,10685.0,158.0,0,0,2722.34,2722.34,,0.0,,5444.68,12,2023-12-20
H131 2024 Janeiro,Medidor faturado pela UFSC,2024,Janeiro,0,Sapiens Park,,H131,Condomínio Sapiens Park,Florianópolis - Outros,Sapiens Park - Fotovoltaica,1,0,0,0,1,10685.0,10741.0,56.0,0,0,994.0,994.0,,0.0,,1988.0,1,2024-01-20
H131 2024 Fevereiro,Medidor faturado pela UFSC,2024,Fevereiro,0,Sapiens Park,,H131,Condomínio Sapiens Park,Florianópolis - Outros,Sapiens Park - Fotovoltaica,1,0,0,0,1,10741.0,10829.0,88.0,0,0,1521.52,1521.52,,0.0,,3043.04,2,2024-02-20
H131 2024 Março,Medidor faturado pela UFSC,2024,Março,0,Sapiens Park,,H131,Condomínio Sapiens Park,Florianópolis - Outros,Sapiens Park - Fotovoltaica,1,0,0,0,1,10829.0,10921.0,92.0,0,0,1698.32,1698.32,,0.0,,3396.64,3,2024-03-20
H131 2024 Abril,Medidor faturado pela UFSC,2024,Abril,0,Sapiens Park,,H131,Condomínio Sapiens Park,Florianópolis - Outros,Sapiens Park - Fotovoltaica,1,0,0,0,1,10921.0,11110.0,189.0,0,0,3250.8,3250.8,,0.0,,6501.6,4,2024-04-20
H131 2024 Maio,Medidor faturado pela UFSC,2024,Maio,0,Sapiens Park,,H131,Condomínio Sapiens Park,Florianópolis - Outros,Sapiens Park - Fotovoltaica,1,0,0,0,1,11110.0,11328.0,218.0,0,0,3856.42,3856.42,,0.0,,7712.84,5,2024-05-20
H131 2024 Junho,Medidor faturado pela UFSC,2024,Junho,0,Sapiens Park,,H131,Condomínio Sapiens Park,Florianópolis - Outros,Sapiens Park - Fotovoltaica,1,0,0,0,1,11328.0,11716.0,388.0,0,0,8151.88,8151.88,,0.0,,16303.76,6,2024-06-20
H131 2024 Julho,Medidor faturado pela UFSC,2024,Julho,0,Sapiens Park,,H131,Condomínio Sapiens Park,Florianópolis - Outros,Sapiens Park - Fotovoltaica,1,0,0,0,1,11716.0,11971.0,255.0,0,0,5301.45,5301.45,,0.0,,10602.9,7,2024-07-20
H131 2024 Agosto,Medidor faturado pela UFSC,2024,Agosto,0,Sapiens Park,,H131,Condomínio Sapiens Park,Florianópolis - Outros,Sapiens Park - Fotovoltaica,1,0,0,0,1,11971.0,12061.0,90.0,0,0,1875.6,1875.6,,0.0,,3751.2,8,2024-08-20
H131 2024 Setembro,Medidor faturado pela UFSC,2024,Setembro,0,Sapiens Park,,H131,Condomínio Sapiens Park,Florianópolis - Outros,Sapiens Park - Fotovoltaica,1,0,0,0,1,12061.0,12373.0,312.0,0,0,6486.48,6486.48,,0.0,,12972.96,9,2024-09-20
H131 2024 Outubro,Medidor faturado pela UFSC,2024,Outubro,0,Sapiens Park,,H131,Condomínio Sapiens Park,Florianópolis - Outros,Sapiens Park - Fotovoltaica,1,0,0,0,1,12373.0,13042.0,669.0,0,0,14336.67,14336.67,,0.0,,28673.34,10,2024-10-20
H131 2024 Novembro,Medidor faturado pela UFSC,2024,Novembro,0,Sapiens Park,,H131,Condomínio Sapiens Park,Florianópolis - Outros,Sapiens Park - Fotovoltaica,1,0,0,0,1,13042.0,13481.0,439.0,0,0,9139.98,9139.98,,0.0,,18279.96,11,2024-11-20
H131 2024 Dezembro,Medidor faturado pela UFSC,2024,Dezembro,0,Sapiens Park,,H131,Condomínio Sapiens Park,Florianópolis - Outros,Sapiens Park - Fotovoltaica,1,0,0,0,1,13481.0,13533.0,52.0,0,0,1091.48,1091.48,,0.0,,2182.96,12,2024-12-20
H131 2025 Janeiro,Medidor faturado pela UFSC,2025,Janeiro,0,Sapiens Park,,H131,Condomínio Sapiens Park,Florianópolis - Outros,Sapiens Park - Fotovoltaica,1,0,0,0,1,13533.0,13545.0,12.0,0,0,253.2,253.2,,0.0,,506.4,1,2025-01-20
H131 2025 Fevereiro,Medidor faturado pela UFSC,2025,Fevereiro,0,Sapiens Park,,H131,Condomínio Sapiens Park,Florianópolis - Outros,Sapiens Park - Fotovoltaica,1,0,0,0,1,13545.0,13620.0,75.0,0,0,1594.5,1594.5,,0.0,,3189.0,2,2025-02-20
H131 2025 Março,Medidor faturado pela UFSC,2025,Março,0,Sapiens Park,,H131,Condomínio Sapiens Park,Florianópolis - Outros,Sapiens Park - Fotovoltaica,1,0,0,0,1,13620.0,13714.0,94.0,0,0,2115.0,2115.0,,0.0,,4230.0,3,2025-03-20
