ID,Hidrometro,Matricula,Situacao,Categoria,Setor de Planejamento DPAE,Setor de Planejamento DPAE - Descrição,Setor de Abastecimento CGA,Setor de Abastecimento CGA_1,Cidade,Campus,Local,Observacao ,Num Hidrometro,Cobranca,Ligacao rede de esgoto,Identificacao,Concessionaria,Consumo médio dos últimos 6 meses (m3) - ref 9_2024,Atualizacao_Cadastro
1,H001,2297094.0,Ativo,Medidor faturado pela UFSC,Setor 01,Prefeitura,Setor 01,SubSetor 01.10,Florianópolis - Trindade,Trindade,Almoxarifado e Transportes (PU 11 e 06),Fatura centralizada,A16S366817,Água e Esgoto,Sim,83.899.526/0001-82,CASAN,28.17,2024-10-15
2,H002,2297116.0,Ativo,Medidor faturado pela UFSC,Setor 01,Prefeitura,Setor 01,SubSetor 01.12,Florianópolis - Trindade,Trindade,"Patrimônio e Digitalização (DAG08 e 06), LAMAQ (CCB20)",Fatura centralizada,A04S381708,Água e Esgoto,Sim,83.899.526/0001-82,CASAN,49.0,2024-10-15
3,H003,2297124.0,Ativo,Medidor faturado pela UFSC,Setor 01,Prefeitura,Setor 01,SubSetor 01.13,Florianópolis - Trindade,Trindade,Biotério Central (BIC 01 a 10),Fatura centralizada,C11C010369,Água e Esgoto,Sim,83.899.526/0001-82,CASAN,430.0,2024-10-15
4,H004,2297086.0,Ativo,Medidor faturado pela UFSC,Setor 01,Prefeitura,Setor 01,SubSetor 01.09,Florianópolis - Trindade,Trindade,"PU - Carpintaria e Serralheria (DAG01, 02 e 03)",Fatura centralizada,B17C002619,Água e Esgoto,Sim,83.899.526/0001-82,CASAN,149.67,2024-10-15
5,H005,2297078.0,Ativo,Medidor faturado pela UFSC,Setor 01,Prefeitura,Setor 01,SubSetor 01.08,Florianópolis - Trindade,Trindade,"Engenharia Química - (CTC 19, 20, 21, 24 e 46)",Fatura centralizada,B10C010667,Água e Esgoto,Sim,83.899.526/0001-82,CASAN,105.17,2024-10-15
6,H006,9185569.0,Ativo,Medidor faturado pela UFSC,Setor 01,Prefeitura,Setor 01,SubSetor 01.01,Florianópolis - Trindade,Trindade,Eng. Civil Bloco D,Fatura centralizada,A11C032611,Água e Esgoto,Sim,83.899.526/0001-82,CASAN,5.5,2024-10-15
7,H007,9185550.0,Ativo,Medidor faturado pela UFSC,Setor 01,Prefeitura,Setor 01,SubSetor 01.02,Florianópolis - Trindade,Trindade,"Eng. Civil Bloco A, B e C",Fatura centralizada,A11C047521,Água e Esgoto,Sim,83.899.526/0001-82,CASAN,90.17,2024-10-15
8,H008,2297159.0,Ativo,Medidor faturado pela UFSC,Setor 01,Prefeitura,Setor 01,SubSetor 01.05,Florianópolis - Trindade,Trindade,"PU - Prefeitura Universitária (Hid., Elé., Vidra.) e Redondo",Fatura centralizada,C11C010187,Água e Esgoto,Sim,83.899.526/0001-82,CASAN,373.83,2024-10-15
9,H009,2297140.0,Ativo,Medidor faturado pela UFSC,Setor 01,Prefeitura,Setor 01,SubSetor 01.04,Florianópolis - Trindade,Trindade,PU - Prefeitura Universitária (Edificação antiga da PU),Fatura centralizada,Y11C052787,Água e Esgoto,Sim,83.899.526/0001-82,CASAN,0.83,2024-10-15
10,H010,2297132.0,Ativo,Medidor faturado pela UFSC,Setor 01,Prefeitura,Setor 01,SubSetor 01.03,Florianópolis - Trindade,Trindade,"PU - Prefeitura Universitária (DPAE, DFO, DMPI)",Fatura centralizada,C11C010472,Água e Esgoto,Sim,83.899.526/0001-82,CASAN,26.17,2024-10-15
11,H011,8149615.0,Ativo,Medidor faturado pela UFSC,Setor 01,Prefeitura,Setor 01,SubSetor 01.06,Florianópolis - Trindade,Trindade,"CCB - Blocos A, B, C e D - 1 - Córrego Grande",Fatura centralizada,C11C005249,Água e Esgoto,Sim,83.899.526/0001-82,CASAN,294.83,2024-10-15
12,H012,6297854.0,Ativo,Medidor não faturado pela UFSC,Setor 01,Prefeitura,Setor 01,SubSetor 01.14,Florianópolis - Trindade,Trindade,SINTUFSC,Fatura Individual,,Água e Esgoto,Sim,Sem informação,CASAN,,2024-10-15
13,H014,2296969.0,Ativo,Medidor não faturado pela UFSC,Setor 02,Saúde,Setor 02,SubSetor 02.01,Florianópolis  HU,Trindade,Hospital Universitário - EBSERH,Fatura Individual,J15AA00002,Água e Esgoto,Sim,15.126.437/0034-01,CASAN,6096.0,2024-10-15
14,H015,2296918.0,Ativo,Medidor faturado pela UFSC,Setor 06,Econômico-Jurídico,Setor 06,SubSetor 06.01,Florianópolis - Trindade,Trindade,Moradia Estudantil - Casa,Fatura centralizada,B10C013878,Água e Esgoto,Sim,83.899.526/0001-82,CASAN,0.0,2024-10-15
15,H017,2296950.0,Ativo,Medidor faturado pela UFSC,Setor 02,Saúde,Setor 02,SubSetor 02.02,Florianópolis - Trindade,Trindade,CCS - Centro de Ciências da Saúde,Fatura centralizada,C11C001906,Água e Esgoto,Sim,83.899.526/0001-82,CASAN,469.0,2024-10-15
16,H018,2296640.0,Ativo,Medidor faturado pela UFSC,Setor 00,Eixo Central,Setor 00,SubSetor 00.09,Florianópolis - Trindade,Trindade,SSI - Secretaria de Assuntos Institucionais,Fatura centralizada,A13C043935,Água e Esgoto,Sim,83.899.526/0001-82,CASAN,32.33,2024-10-15
17,H019,9097821.0,Ativo,Medidor faturado pela UFSC,Setor 06,Econômico-Jurídico,Setor 06,SubSetor 06.07,Florianópolis - Trindade,Trindade,CSE 2 - CSE 9 e 10 (Bl F e G),Fatura centralizada,C11C005250,Água e Esgoto,Sim,83.899.526/0001-82,CASAN,113.17,2024-10-15
18,H020,2296829.0,Ativo,Medidor faturado pela UFSC,Setor 06,Econômico-Jurídico,Setor 06,SubSetor 06.06,Florianópolis - Trindade,Trindade,"CSE 1 - CSE 1 ao 4 (Bl A, B, C e D) e CCJ 1 e 2 (Bl E e F)",Fatura centralizada,C11C009540,Água e Esgoto,Sim,83.899.526/0001-82,CASAN,34.83,2024-10-15
19,H021,2296632.0,Ativo,Medidor faturado pela UFSC,Setor 00,Eixo Central,Setor 00,SubSetor 00.08,Florianópolis - Trindade,Trindade,Igrejinha UFSC (DAC 01 a 03 e DEX01),Fatura centralizada,B10C001813,Água e Esgoto,Sim,83.899.526/0001-82,CASAN,73.0,2024-10-15
20,H022,8862400.0,Ativo,Medidor não faturado pela UFSC,Setor 06,Econômico-Jurídico,Setor 06,SubSetor 06.04,Florianópolis - Trindade,Trindade,Fórum,Fatura Individual,,Água e Esgoto,Sim,Sem informação,CASAN,,2024-10-15
21,H023,2296934.0,Ativo,Medidor faturado pela UFSC,Setor 06,Econômico-Jurídico,Setor 06,SubSetor 06.02,Florianópolis - Trindade,Trindade,Associação Volantes 1,Fatura centralizada,B10C010114,Água e Esgoto,Sim,83.899.526/0001-82,CASAN,64.83,2024-10-15
22,H024,2296926.0,Ativo,Medidor faturado pela UFSC,Setor 06,Econômico-Jurídico,Setor 06,SubSetor 06.03,Florianópolis - Trindade,Trindade,Associação Volantes 2,Fatura centralizada,A96C161864,Água e Esgoto,Sim,83.899.526/0001-82,CASAN,0.17,2024-10-15
23,H025,2296900.0,Ativo,Medidor faturado pela UFSC,Setor 07,Exatas,Setor 07,SubSetor 07.02,Florianópolis - Trindade,Trindade,CFM  Bloco A,Fatura centralizada,C11C001273,Água e Esgoto,Sim,83.899.526/0001-82,CASAN,633.17,2024-10-15
24,H026,9912770.0,Ativo,Medidor faturado pela UFSC,Setor 07,Exatas,Setor 07,SubSetor 07.01,Florianópolis - Trindade,Trindade,CFM  Bloco B,Fatura centralizada,A10C023447,Água e Esgoto,Sim,83.899.526/0001-82,CASAN,39.67,2024-10-15
25,H027,16701186.0,Ativo,Medidor faturado pela UFSC,Setor 08,Colégio de Aplicação,Setor 08,SubSetor 08.01,Florianópolis - Trindade,Trindade,Colégio de Aplicação,Fatura centralizada,C11C009484,Água e Esgoto,Sim,83.899.526/0001-82,CASAN,410.0,2024-10-15
26,H028,6205615.0,Ativo,Medidor faturado pela UFSC,Setor 08,Colégio de Aplicação,Setor 08,SubSetor 08.02,Florianópolis - Trindade,Trindade,Nativas do Horto Botânico,Fatura centralizada,B10C017964,Água e Esgoto,Sim,83.899.526/0001-82,CASAN,34.67,2024-10-15
27,H029,7297220.0,Ativo,Medidor faturado pela UFSC,Setor 10,Moradia Estudantil,Setor 10,SubSetor 10.02,Florianópolis - Trindade,Trindade,Moradia Estudantil - Portaria,Fatura centralizada,A08X051927,Água e Esgoto,Sim,83.899.526/0001-82,CASAN,5.83,2024-10-15
28,H030,2296276.0,Ativo,Medidor faturado pela UFSC,Setor 10,Moradia Estudantil,Setor 10,SubSetor 10.01,Florianópolis - Trindade,Trindade,Moradia Estudantil,Fatura centralizada,E11C000101,Água e Esgoto,Sim,83.899.526/0001-82,CASAN,1516.5,2024-10-15
29,H032,2296659.0,Ativo,Medidor faturado pela UFSC,Setor 00,Eixo Central,Setor 00,SubSetor 00.02,Florianópolis - Trindade,Trindade,Biblioteca Central,Fatura centralizada,C11C001576,Água e Esgoto,Sim,83.899.526/0001-82,CASAN,233.83,2024-10-15
30,H033,2296667.0,Ativo,Medidor faturado pela UFSC,Setor 03,Tecnológico,Setor 03,SubSetor 03.04,Florianópolis - Trindade,Trindade,"CTC - Salas de Aula, Eng. Elétrica, Produção - CTC 1 ao 5, ",Fatura centralizada,B10C014063,Água e Esgoto,Sim,83.899.526/0001-82,CASAN,165.5,2024-10-15
31,H034,8416621.0,Ativo,Medidor faturado pela UFSC,Setor 03,Tecnológico,Setor 03,SubSetor 03.05,Florianópolis - Trindade,Trindade,CTC - Eng. Sanitária e Amb. - CTC 12 e 37,Fatura centralizada,B10C014069,Água e Esgoto,Sim,83.899.526/0001-82,CASAN,168.17,2024-10-15
32,H035,2296845.0,Ativo,Medidor faturado pela UFSC,Setor 03,Tecnológico,Setor 03,SubSetor 03.03,Florianópolis - Trindade,Trindade,CTC - Eng. Elétrica INEP - CTC 06,Fatura centralizada,B10C022164,Água e Esgoto,Sim,83.899.526/0001-82,CASAN,12.33,2024-10-15
33,H037,6435548.0,Ativo,Medidor faturado pela UFSC,Setor 03,Tecnológico,Setor 03,SubSetor 03.02,Florianópolis - Trindade,Trindade,"CTC - Eng. Mecânica - CTC 9, 10 e 37",Fatura centralizada,Y13F347112,Água e Esgoto,Sim,83.899.526/0001-82,CASAN,207.17,2024-10-15
34,H038,2296683.0,Ativo,Medidor faturado pela UFSC,Setor 03,Tecnológico,Setor 03,SubSetor 03.06,Florianópolis - Trindade,Trindade,CTC - Eng. Mecânica CTC 11 Bloco B (Pavilhão) e CTC 31 INE,Fatura centralizada,B10C014806,Água e Esgoto,Sim,83.899.526/0001-82,CASAN,259.17,2024-10-15
35,H039,8400385.0,Ativo,Medidor não faturado pela UFSC,Setor 00,Eixo Central,Setor 00,SubSetor 00.03,Florianópolis - Trindade,Trindade,FAPEU,Fatura Individual,,Água e Esgoto,Sim,Sem informação,CASAN,,2024-10-15
36,H040,2296691.0,Ativo,Medidor faturado pela UFSC,Setor 00,Eixo Central,Setor 00,SubSetor 00.01,Florianópolis - Trindade,Trindade,Reitoria I,Fatura centralizada,C11C000642,Água e Esgoto,Sim,83.899.526/0001-82,CASAN,115.33,2024-10-15
37,H041,2296810.0,Ativo,Medidor faturado pela UFSC,Setor 00,Eixo Central,Setor 00,SubSetor 00.04,Florianópolis - Trindade,Trindade,CCE 1  Básico,Fatura centralizada,C11C010608,Água e Esgoto,Sim,83.899.526/0001-82,CASAN,309.67,2024-10-15
38,H042,2296802.0,Ativo,Medidor faturado pela UFSC,Setor 00,Eixo Central,Setor 09,SubSetor 09.03,Florianópolis - Trindade,Trindade,CCE 2  R. Eng. Andrey C. Ferreira,Fatura centralizada,C11C001909,Água e Esgoto,Sim,83.899.526/0001-82,CASAN,479.33,2024-10-15
39,H043,6816860.0,Ativo,Medidor faturado pela UFSC,Setor 09,Renovação,Setor 09,SubSetor 09.04,Florianópolis - Trindade,Trindade,Casa de Veg.  Depto. de Microbiologia,Fatura centralizada,A94S171408,Água e Esgoto,Sim,83.899.526/0001-82,CASAN,4.33,2024-10-15
40,H044,2296896.0,Ativo,Medidor faturado pela UFSC,Setor 09,Renovação,Setor 09,SubSetor 09.01,Florianópolis - Trindade,Trindade,CFM Oceanografia e entorno,Fatura centralizada,C11C001908,Água e Esgoto,Sim,83.899.526/0001-82,CASAN,73.5,2024-10-15
41,H045,2296772.0,Ativo,Medidor faturado pela UFSC,Setor 05,Humanidades,Setor 05,SubSetor 05.01,Florianópolis - Trindade,Trindade,"Museologia e MArquE (MU01, MU10 e CFH09)",Fatura centralizada,,Água e Esgoto,Sim,83.899.526/0001-82,CASAN,309.83,2024-10-15
42,H046,2296780.0,Ativo,Medidor faturado pela UFSC,Setor 05,Humanidades,Setor 05,SubSetor 05.02,Florianópolis - Trindade,Trindade,CCB Botânica,Fatura centralizada,B10C017966,Água e Esgoto,Sim,83.899.526/0001-82,CASAN,137.33,2024-10-15
43,H047,2296837.0,Ativo,Medidor faturado pela UFSC,Setor 05,Humanidades,Setor 05,SubSetor 05.03,Florianópolis - Trindade,Trindade,NDI e MArquE,Fatura centralizada,C11C009598,Água e Esgoto,Sim,83.899.526/0001-82,CASAN,66.0,2024-10-15
44,H048,2296764.0,Ativo,Medidor faturado pela UFSC,Setor 05,Humanidades,Setor 05,SubSetor 05.04,Florianópolis - Trindade,Trindade,Centro de Filosofia e Humanas 1,Fatura centralizada,C11C001910,Água e Esgoto,Sim,83.899.526/0001-82,CASAN,621.0,2024-10-15
45,H049,9197478.0,Ativo,Medidor faturado pela UFSC,Setor 05,Humanidades,Setor 05,SubSetor 05.05,Florianópolis - Trindade,Trindade,Centro de Educação 1,Fatura centralizada,B10C019220,Água e Esgoto,Sim,83.899.526/0001-82,CASAN,89.5,2024-10-15
46,H050,2296748.0,Ativo,Medidor faturado pela UFSC,Setor 05,Humanidades,Setor 05,SubSetor 05.06,Florianópolis - Trindade,Trindade,Centro de Educação 2,Fatura centralizada,A13C020929,Água e Esgoto,Sim,83.899.526/0001-82,CASAN,259.0,2024-10-15
47,H051,2296756.0,Ativo,Medidor faturado pela UFSC,Setor 00,Eixo Central,Setor 00,SubSetor 00.05,Florianópolis - Trindade,Trindade,Centro de Convivência,Fatura centralizada,A13C043944,Água e Esgoto,Sim,83.899.526/0001-82,CASAN,0.0,2024-10-15
48,H052,2296730.0,Desativado 03/2016,Medidor faturado pela UFSC,Setor 00,Eixo Central,Setor 00,SubSetor 00.06,Florianópolis - Trindade,Trindade,Restaurante Universitário 1,Fatura Individual,A99S330478,Água e Esgoto,Sim,83.899.526/0001-82,CASAN,,2024-10-15
49,H053,2296713.0,Ativo,Medidor faturado pela UFSC,Setor 00,Eixo Central,Setor 00,SubSetor 00.07,Florianópolis - Trindade,Trindade,"Centro de Eventos, NUMA, Editora UFSC, EGC",Fatura centralizada,C11C010440,Água e Esgoto,Sim,83.899.526/0001-82,CASAN,331.83,2024-10-15
50,H054,6923020.0,Ativo,Medidor faturado pela UFSC,Setor 03,Tecnológico,Setor 03,SubSetor 03.07,Florianópolis - Trindade,Trindade,Arquitetura e Urbanismo,Fatura centralizada,B17C002561,Água e Esgoto,Sim,83.899.526/0001-82,CASAN,276.67,2024-10-15
51,H055,2296705.0,Ativo,Medidor faturado pela UFSC,Setor 04,Desportivo,Setor 04,SubSetor 04.00,Florianópolis - Trindade,Trindade,Centro de Desportos,Fatura centralizada,G15AA00021,Água e Esgoto,Sim,83.899.526/0001-82,CASAN,1475.33,2024-10-15
52,H056,2296721.0,Ativo,Medidor faturado pela UFSC,Setor 00,Eixo Central,Setor 00,SubSetor 00.06,Florianópolis - Trindade,Trindade,Restaurante Universitário 2,Fatura centralizada,E11C000742,Água e Esgoto,Sim,83.899.526/0001-82,CASAN,2575.33,2024-10-15
53,H057,2297108.0,Ativo,Medidor faturado pela UFSC,Setor 01,Prefeitura,Setor 01,SubSetor 01.11,Florianópolis - Trindade,Trindade,"PU - Prefeitura Universitária - Oficina, Serralheria e Mecânica (PU11)",Fatura centralizada,A95L322012,Água e Esgoto,Sim,83.899.526/0001-82,CASAN,96.67,2024-10-15
54,H058,9611070.0,Ativo,Medidor faturado pela UFSC,Setor 01,Prefeitura,Setor 01,SubSetor 01.07,Florianópolis - Trindade,Trindade,"CCB - Blocos A, B, C e D - 2 - Córrego Grande",Fatura centralizada,C11C005856,Água e Esgoto,Sim,83.899.526/0001-82,CASAN,532.33,2024-10-15
55,H059,2296675.0,Ativo,Medidor faturado pela UFSC,Setor 03,Tecnológico,Setor 03,SubSetor 03.01,Florianópolis - Trindade,Trindade,CTC - Setic e Almoxarifado (CTC 8 e 14),Fatura centralizada,A13C020930,Água e Esgoto,Sim,83.899.526/0001-82,CASAN,9.5,2024-10-15
56,H060,5329663.0,Ativo,Medidor faturado pela UFSC,Setor 00,Eixo Central,Setor 00,SubSetor 00.10,Florianópolis - Trindade,Trindade,Reitoria II,Fatura centralizada,A13C021299,Água e Esgoto,Sim,83.899.526/0001-82,CASAN,240.17,2024-10-15
57,H061,2296870.0,Ativo,Medidor faturado pela UFSC,Setor 09,Renovação,Setor 09,SubSetor 09.02,Florianópolis - Trindade,Trindade,CCB Anatômico,Fatura centralizada,B10C013871,Água e Esgoto,Sim,83.899.526/0001-82,CASAN,23.33,2024-10-15
58,H062,15023672.0,Ativo,Medidor faturado pela UFSC,Setor 09,Renovação,Setor 09,SubSetor 09.05,Florianópolis - Trindade,Trindade,CFM  Bloco EFI,Fatura centralizada,C11C010415,Água e Esgoto,Sim,83.899.526/0001-82,CASAN,506.83,2024-10-15
59,H063,8526290.0,Ativo,Medidor não faturado pela UFSC,Setor 06,Econômico-Jurídico,Setor 06,SubSetor 06.05,Florianópolis - Trindade,Trindade,FEPESE,Fatura Individual,,Água e Esgoto,Sim,Sem informação,CASAN,,2024-10-15
60,H064,,Ativo,Medidor não faturado pela UFSC,Setor 03,Tecnológico,Setor 03,SubSetor 03.08,Florianópolis - Trindade,Trindade,Fundação CERTI,Fatura Individual,,Água e Esgoto,Sim,Sem informação,CASAN,,2024-10-15
61,H065,12813443.0,Ativo,Medidor não faturado pela UFSC,Setor 02,Saúde,Setor 02,SubSetor 02.03,Florianópolis - Trindade,Trindade,CAIXA,Fatura Individual,,Água e Esgoto,Sim,Sem informação,CASAN,,2024-10-15
62,H066,17091764.0,Ativo,Medidor faturado pela UFSC,Setor 01,Prefeitura,Setor 01,SubSetor01.15,Florianópolis - Trindade,Trindade,"CCB - Blocos E, F e G e Biotério (BIC 12)",Fatura centralizada,F11C000153,Água e Esgoto,Sim,83.899.526/0001-82,CASAN,344.67,2024-10-15
63,H072,2297167.0,Ativo,Medidor faturado pela UFSC,Florianópolis - Outros,CCA - Itacorubi,Setor 11,SubSetor 11.01,Florianópolis - Outros,CCA - Itacorubi,CCA 1,Fatura centralizada,B10C017343,Água,Não,83.899.526/0001-82,CASAN,717.67,2024-10-15
64,H073,2297175.0,Ativo,Medidor faturado pela UFSC,Florianópolis - Outros,CCA - Itacorubi,Setor 11,SubSetor 11.02,Florianópolis - Outros,CCA - Itacorubi,CCA  Estação Experimental de Aquicultura,Fatura centralizada,A05S578217,Água,Não,83.899.526/0001-82,CASAN,102.33,2024-10-15
65,H074,2297183.0,Ativo,Medidor faturado pela UFSC,Florianópolis - Outros,CCA - Itacorubi,Setor 11,SubSetor 11.01,Florianópolis - Outros,CCA - Itacorubi,CCA 2,Fatura centralizada,C11C010252,Água,Não,83.899.526/0001-82,CASAN,750.0,2024-10-15
66,H076,2297361.0,Ativo,Medidor faturado pela UFSC,Florianópolis - Outros,CCA - Cidade das Abelhas ,Setor 16,SubSetor 16.00,Florianópolis - Outros,CCA - Cidade das Abelhas ,"Cidade das Abelhas  Rod. Virgílio Várzea, 2600",Fatura centralizada,A10C001421,Água,Não,83.899.526/0001-82,CASAN,30.33,2024-10-15
67,H081,2295652.0,Ativo,Medidor faturado pela UFSC,Florianópolis - Outros,SEAD - TV UFSC,Setor 13,SubSetor 13.01,Florianópolis - Outros,SEAD - TV UFSC,Rua Presidente Coutinho,Fatura centralizada,B17C002628,Água e Esgoto,Sim,83.899.526/0001-82,CASAN,59.83,2024-10-15
68,H082,5716594.0,Ativo,Medidor faturado pela UFSC,Florianópolis - Outros,CCA - Tapera,Setor 18,SubSetor 18.00,Florianópolis - Outros,CCA - Tapera,CCA Tapera - Fazenda Experimental da Ressacada,Fatura centralizada,C11C010040,Água,Não,83.899.526/0001-82,CASAN,460.83,2024-10-15
69,H083,6997937.0,Ativo,Medidor faturado pela UFSC,Florianópolis - Outros,Casa da Arte,Setor 13,SubSetor 13.03,Florianópolis - Outros,Casa da Arte,Casa da Arte,Fatura centralizada,A16S368708,Água e Esgoto,Sim,83.899.526/0001-82,CASAN,4.5,2024-10-15
70,H084,9197419.0,Ativo,Medidor faturado pela UFSC,Florianópolis - Outros,CCA - Barra da Lagoa - EMEB-AQI,Setor 12,SubSetor 12.00,Florianópolis - Outros,CCA - Barra da Lagoa - EMEB-AQI,LMM Área de produção,Fatura centralizada,B11C024230,Água e Esgoto,Sim,83.899.526/0001-82,CASAN,330.67,2024-10-15
71,H085,12791172.0,Ativo,Medidor faturado pela UFSC,Florianópolis - Outros,SECARTE - Praia do Forte,Setor 17,SubSetor 17.00,Florianópolis - Outros,SECARTE - Praia do Forte,Fortaleza de São José da Ponta Grossa,Fatura centralizada,Y11C048501,Água,Não,83.899.526/0001-82,CASAN,25.33,2024-10-15
72,H086,12799408.0,Ativo,Medidor faturado pela UFSC,Florianópolis - Outros,UFSC  Jurerê,Setor 14,SubSetor 14.00,Florianópolis - Outros,UFSC  Jurerê,UFSC  Jurerê,Fatura centralizada,Y11C056745,Água,Não,83.899.526/0001-82,CASAN,1.17,2024-10-15
73,H087,13018540.0,Ativo,Medidor faturado pela UFSC,Florianópolis - Outros,UFSC  Sambaqui,Setor 15,SubSetor 15.00,Florianópolis - Outros,UFSC  Sambaqui,UFSC  Sambaqui,Fatura centralizada,A06S080329,Água,Não,83.899.526/0001-82,CASAN,53.17,2024-10-15
74,H088,2294605.0,Ativo,Medidor faturado pela UFSC,Florianópolis - Outros,Casa Vida e Saúde,Setor 13,SubSetor 13.02,Florianópolis - Outros,Casa Vida e Saúde,Casa Vida e Saúde,Fatura centralizada,Y11C073654,Água e Esgoto,Sim,83.899.526/0001-82,CASAN,2.17,2024-10-15
75,H089,2347660.0,Ativo,Medidor faturado pela UFSC,Florianópolis - Outros,CCA - Barra da Lagoa - EMEB-AQI,Setor 12,SubSetor 12.00,Florianópolis - Outros,CCA - Barra da Lagoa - EMEB-AQI,"LAPOM, LAPMAR, LCM, LCA",Fatura centralizada,B17C007633,Água e Esgoto,Sim,83.899.526/0001-82,CASAN,311.67,2024-10-15
76,H090,2347679.0,Ativo,Medidor faturado pela UFSC,Florianópolis - Outros,CCA - Barra da Lagoa - EMEB-AQI,Setor 12,SubSetor 12.00,Florianópolis - Outros,CCA - Barra da Lagoa - EMEB-AQI,"LMM - Guarita, convivência, oficina e escritórios",Fatura centralizada,A15C030480,Água e Esgoto,Sim,83.899.526/0001-82,CASAN,37.67,2024-10-15
77,H100,2134608.0,Desativado 03/2018,Medidor faturado pela UFSC,Joinville,Joinville,Setor 23,SubSetor 23.01,Joinville,Joinville,ÁGUAS DE JOINVILLE  R. Pres. Prud. De Moraes  Joinville,Fatura Individual,,Água e Esgoto,Sim,83.899.526/0001-82,ÁGUAS DE JOINVILLE,,2024-10-15
78,H101,2141582.0,Desativado 03/2018,Medidor faturado pela UFSC,Joinville,Joinville,Setor 23,SubSetor 23.02,Joinville,Joinville,"ÁGUAS DE JOINVILLE  R. João Vogelsanger, 108  Joinville",Fatura Individual,,Água e Esgoto,Sim,83.899.526/0001-82,ÁGUAS DE JOINVILLE,,2024-10-15
79,H102,2278022.0,Desativado 03/2018,Medidor faturado pela UFSC,Joinville,Joinville,Setor 23,SubSetor 23.03,Joinville,Joinville,ÁGUAS DE JOINVILLE  R. João Colin (1)  Joinville,Fatura Individual,,Água e Esgoto,Sim,83.899.526/0001-82,ÁGUAS DE JOINVILLE,,2024-10-15
80,H103,7039336.0,Desativado 03/2016,Medidor faturado pela UFSC,Joinville,Joinville,Setor 23,SubSetor 23.02,Joinville,Joinville,"ÁGUAS DE JOINVILLE  R. João Vogelsanger, 181 - Joinville",Fatura Individual,A12G079417,Água e Esgoto,Sim,83.899.526/0001-82,ÁGUAS DE JOINVILLE,,2024-10-15
81,H104,7876009.0,Desativado 03/2018,Medidor faturado pela UFSC,Joinville,Joinville,Setor 23,SubSetor 23.04,Joinville,Joinville,"ÁGUAS DE JOINVILLE  R. João Vogelsanger, 200  Joinville",Fatura Individual,,Água e Esgoto,Sim,83.899.526/0001-82,ÁGUAS DE JOINVILLE,,2024-10-15
82,H105,8686432.0,Desativado 03/2018,Medidor faturado pela UFSC,Joinville,Joinville,Setor 23,SubSetor 23.05,Joinville,Joinville,ÁGUAS DE JOINVILLE  R. João Colin (2)  Joinville,Fatura Individual,,Água e Esgoto,Sim,83.899.526/0001-82,ÁGUAS DE JOINVILLE,,2024-10-15
83,H106,14948508.0,Ativo,Medidor faturado pela UFSC,Araquari,CCA - Araquari - Barra do Sul,Setor 21,SubSetor 21.00,Araquari,CCA - Araquari - Barra do Sul,Fazenda UFSC/Yakult - Lab. de Camarões Marinhos,Fatura centralizada,B11C061116,Água,Não,83.899.526/0001-82,CASAN,17.0,2024-10-15
84,H107,2131650.0,Desativado 03/2018,Medidor faturado pela UFSC,Joinville,Joinville,Setor 23,SubSetor 23.06,Joinville,Joinville - João Colin,"ÁGUAS DE JOINVILLE  R. João Colin, 2728  Joinville",Fatura Individual,,Água e Esgoto,Sim,83.899.526/0001-82,ÁGUAS DE JOINVILLE,0.0,2024-10-15
85,H108,,Ativo,Medidor faturado pela UFSC,Joinville - Perini B. P.,Joinville - Perini B. P.,Setor 23,SubSetor 23.00,Joinville,Joinville - Perini B. P.,Bloco U - RU LAV,Condomínio Perini,A15B040774,Água e Esgoto,Sim,SPA Interessado: Condomínio Perini Business Park,Condomínio Perini,58.65,2024-10-15
86,H109,,Ativo,Medidor faturado pela UFSC,Joinville - Perini B. P.,Joinville - Perini B. P.,Setor 23,SubSetor 23.00,Joinville,Joinville - Perini B. P.,Bloco O - O1,Condomínio Perini,F17B900021,Água e Esgoto,Sim,SPA Interessado: Condomínio Perini Business Park,Condomínio Perini,77.13,2024-10-15
87,H110,,Ativo,Medidor faturado pela UFSC,Joinville - Perini B. P.,Joinville - Perini B. P.,Setor 23,SubSetor 23.00,Joinville,Joinville - Perini B. P.,Bloco U - RU,Condomínio Perini,F17B900028,Água e Esgoto,Sim,SPA Interessado: Condomínio Perini Business Park,Condomínio Perini,112.01,2024-10-15
88,H111,,Ativo,Medidor faturado pela UFSC,Joinville - Perini B. P.,Joinville - Perini B. P.,Setor 23,SubSetor 23.00,Joinville,Joinville - Perini B. P.,Bloco U - U,Condomínio Perini,C16UB020205,Água e Esgoto,Sim,SPA Interessado: Condomínio Perini Business Park,Condomínio Perini,160.75,2024-10-15
89,H112,,Ativo,Medidor faturado pela UFSC,Joinville - Perini B. P.,Joinville - Perini B. P.,Setor 24,SubSetor 23.01,Joinville,Joinville - Perini B. P.,Tunel de Vento - LAB 01,Condomínio Perini,,Água e Esgoto,Sim,SPA Interessado: Condomínio Perini Business Park,Condomínio Perini,2.7,2024-10-15
90,H113,,Ativo,Medidor faturado pela UFSC,Joinville - Perini B. P.,Joinville - Perini B. P.,Setor 24,SubSetor 23.01,Joinville,Joinville - Perini B. P.,Bloco U - U LAB,Condomínio Perini,,Água e Esgoto,Sim,SPA Interessado: Condomínio Perini Business Park,Condomínio Perini,,2024-10-15
91,H130,,Ativo,Medidor faturado pela UFSC,Florianópolis - Outros,Sapiens Park,Setor 24,SubSetor 24.01,Florianópolis - Outros,Sapiens Park,Sapiens Park - INPETRO,Condomínio Sapiens Park,,Água e Esgoto,Sim,SPA Assunto: Sapiens Park,Condomínio Sapiens Park,0.0,2024-10-15
92,H131,,Ativo,Medidor faturado pela UFSC,Florianópolis - Outros,Sapiens Park,Setor 24,SubSetor 24.02,Florianópolis - Outros,Sapiens Park,Sapiens Park - Fotovoltaica,Condomínio Sapiens Park,,Água e Esgoto,Sim,SPA Assunto: Sapiens Park,Condomínio Sapiens Park,0.0,2024-10-15
93,H200,15431797.0,Ativo,Medidor faturado pela UFSC,Curitibanos,Centro,Setor 19,SubSetor 19.01,Curitibanos,Centro,Curitibanos CEDUP,Fatura Individual,B17C003784,Água,Não,83.899.526/0001-82,CASAN,103.5,2024-10-15
94,H201,,Interno,Medidor não instalado,Curitibanos,Área Sede,Setor 19,SubSetor 19.02,Curitibanos,Área Sede,Curitibanos SEDE - Água Subterrânea,Não faturado,,Sem cobrança,Não,83.899.526/0001-82,Interno,0.0,2024-10-15
95,H202,,Interno,Medidor não instalado,Curitibanos,Área Sede,Setor 19,SubSetor 19.02,Curitibanos,Área Sede,Curitibanos SEDE - ETE,Não faturado,,Sem cobrança,Não,83.899.526/0001-82,Interno,0.0,2024-10-15
96,H300,196916.0,Ativo,Medidor faturado pela UFSC,Araranguá,Araranguá,Setor 20,SubSetor 20.02,Araranguá,Araranguá,SAMAE Araranguá  Mato Alto,Fatura Individual,A15L279126,Água,Não,83.899.526/0001-82,SAMAE ARARANGUÁ,33.5,2024-10-15
97,H301,104043.0,Desativado,Medidor faturado pela UFSC,Araranguá,Araranguá,Setor 20,SubSetor 20.01,Araranguá,Araranguá,SAMAE Araranguá  Campo de Futebol,Fatura Individual,A14S540581,Água,Não,83.899.526/0001-82,SAMAE ARARANGUÁ,,2024-10-15
98,H302,107568.0,Ativo,Medidor faturado pela UFSC,Araranguá,Araranguá,Setor 20,SubSetor 20.01,Araranguá,Araranguá,SAMAE Araranguá  R. Pedro M. Pacheco (Medicina),Fatura Individual,A22LN0055338,Água e Esgoto,Sim,83.899.526/0001-82,SAMAE ARARANGUÁ,10.5,2024-10-15
99,H400,89548.0,Desativado 04/2018,Medidor faturado pela UFSC,Blumenau,Blumenau,Setor 22,SubSetor 22.03,Blumenau,Blumenau,"R. Pomerode, 710 - Blumenau",Fatura Individual,,Água e Esgoto,Sim,Matrícula: 89548,SAMAE BLUMENAU,,2024-10-15
100,H401,38988.0,Ativo,Medidor faturado pela UFSC,Blumenau,Blumenau,Setor 22,SubSetor 22.01,Blumenau,Blumenau,"SAMAE Blumenau  Rua João Pessoa, 2750",Fatura Individual,A12S141289,Água e Esgoto,Sim,Matrícula: 38988,SAMAE BLUMENAU,67.17,2024-10-15
101,H402,55308.0,Ativo,Medidor faturado pela UFSC,Blumenau,Blumenau,Setor 22,SubSetor 22.02,Blumenau,Blumenau,"SAMAE Blumenau  Rua João Pessoa, 2514",Fatura Individual,Y17AA00025980,Água e Esgoto,Sim,Matrícula: 55308,SAMAE BLUMENAU,20.67,2024-10-15
102,M002,,Interno,Medidor Interno,Setor 02,Saúde,Setor 02,SubSetor 02,Florianópolis - Trindade,Trindade,Caldeiras do HU,Sem faturamento,,Sem cobrança,Sim,Medidor interno,UFSC,,2024-10-15
103,M004,,Interno,Medidor Interno,Setor 02,Saúde,Setor 02,SubSetor 02,Florianópolis - Trindade,Trindade,Instituto de Engenharia Biomédica,Sem faturamento,,Sem cobrança,Sim,Medidor interno,UFSC,,2024-10-15
104,M005,,Interno,Medidor Interno,Setor 02,Saúde,Setor 02,SubSetor 02,Florianópolis - Trindade,Trindade,Medidor interno HU,Sem faturamento,,Sem cobrança,Sim,Medidor interno,UFSC,,2024-10-15
105,M006,,Interno,Medidor Interno,Setor 02,Saúde,Setor 02,SubSetor 02,Florianópolis - Trindade,Trindade,Medidor interno HU,Sem faturamento,,Sem cobrança,Sim,Medidor interno,UFSC,,2024-10-15
106,M007,,Interno,Medidor Interno,Setor 00,Eixo Central,Setor 00,SubSetor 00,Florianópolis - Trindade,Trindade,Restaurante Universitário,Sem faturamento,,Sem cobrança,Sim,Medidor interno,UFSC,,2024-10-15
